user_id,last_active_date,is_churned,churn_date
1,10-09-2025,FALSE,
2,02-09-2025,FALSE,
3,13-04-2024,TRUE,12-06-2024
4,21-08-2025,FALSE,
5,29-08-2025,FALSE,
6,04-08-2024,TRUE,03-10-2024
7,30-07-2025,FALSE,
8,18-06-2024,TRUE,17-08-2024
9,04-09-2025,FALSE,
10,09-09-2025,FALSE,
11,08-06-2025,FALSE,
12,31-08-2025,FALSE,
13,13-08-2025,FALSE,
14,08-06-2025,TRUE,07-08-2025
15,03-09-2025,FALSE,
16,28-08-2025,FALSE,
17,26-08-2025,FALSE,
18,04-09-2025,FALSE,
19,12-07-2024,TRUE,10-09-2024
20,15-06-2025,TRUE,14-08-2025
21,09-09-2025,FALSE,
22,19-09-2025,FALSE,
23,01-09-2025,FALSE,
24,27-08-2025,FALSE,
25,30-08-2025,FALSE,
26,09-02-2025,TRUE,10-04-2025
27,12-08-2025,FALSE,
28,15-08-2025,FALSE,
29,18-09-2025,FALSE,
30,19-09-2025,FALSE,
31,29-08-2025,FALSE,
32,18-08-2025,FALSE,
33,14-09-2024,TRUE,13-11-2024
34,12-12-2024,TRUE,10-02-2025
35,28-08-2025,FALSE,
36,31-07-2025,FALSE,
37,23-08-2025,FALSE,
38,14-09-2025,FALSE,
39,05-08-2025,FALSE,
40,24-04-2025,TRUE,23-06-2025
41,31-08-2025,FALSE,
42,06-09-2025,FALSE,
43,15-09-2025,FALSE,
44,22-08-2025,FALSE,
45,22-09-2024,TRUE,21-11-2024
46,05-09-2025,TRUE,04-11-2025
47,05-09-2025,FALSE,
48,18-08-2025,FALSE,
49,14-09-2025,FALSE,
50,20-09-2024,TRUE,19-11-2024
51,19-06-2024,TRUE,18-08-2024
52,18-05-2024,TRUE,17-07-2024
53,31-08-2025,TRUE,30-10-2025
54,20-05-2024,TRUE,19-07-2024
55,17-08-2025,FALSE,
56,27-06-2025,TRUE,26-08-2025
57,28-08-2025,TRUE,27-10-2025
58,23-08-2025,FALSE,
59,07-09-2024,FALSE,
60,21-08-2025,FALSE,
61,08-03-2025,TRUE,07-05-2025
62,03-09-2025,TRUE,02-11-2025
63,29-07-2025,FALSE,
64,04-08-2025,TRUE,03-10-2025
65,01-07-2025,TRUE,30-08-2025
66,11-09-2025,FALSE,
67,28-08-2025,FALSE,
68,07-08-2025,FALSE,
69,20-08-2025,FALSE,
70,26-08-2025,FALSE,
71,22-09-2025,FALSE,
72,10-03-2025,TRUE,09-05-2025
73,14-08-2025,FALSE,
74,29-08-2025,FALSE,
75,07-09-2025,FALSE,
76,19-08-2025,FALSE,
77,21-01-2025,TRUE,22-03-2025
78,29-07-2025,FALSE,
79,15-09-2025,FALSE,
80,18-08-2025,FALSE,
81,27-08-2025,FALSE,
82,20-08-2025,FALSE,
83,10-09-2025,FALSE,
84,18-08-2025,FALSE,
85,05-09-2025,FALSE,
86,17-08-2025,FALSE,
87,05-09-2025,FALSE,
88,13-09-2025,FALSE,
89,18-06-2025,TRUE,17-08-2025
90,06-09-2025,FALSE,
91,29-08-2025,FALSE,
92,02-07-2025,TRUE,31-08-2025
93,06-09-2025,FALSE,
94,11-09-2025,FALSE,
95,21-08-2025,FALSE,
96,14-08-2025,FALSE,
97,12-08-2024,TRUE,11-10-2024
98,09-08-2025,FALSE,
99,14-09-2025,FALSE,
100,26-08-2025,FALSE,
101,31-08-2025,FALSE,
102,20-08-2025,FALSE,
103,04-08-2025,FALSE,
104,19-09-2025,FALSE,
105,24-08-2025,FALSE,
106,04-09-2025,FALSE,
107,24-08-2025,FALSE,
108,29-08-2025,FALSE,
109,26-03-2025,TRUE,25-05-2025
110,11-09-2025,FALSE,
111,22-02-2025,TRUE,23-04-2025
112,18-08-2025,FALSE,
113,08-08-2025,FALSE,
114,30-08-2025,FALSE,
115,16-09-2025,FALSE,
116,18-08-2025,FALSE,
117,16-08-2025,FALSE,
118,21-07-2025,TRUE,19-09-2025
119,17-09-2025,FALSE,
120,08-09-2025,FALSE,
121,11-01-2025,TRUE,12-03-2025
122,22-07-2024,TRUE,20-09-2024
123,17-08-2025,FALSE,
124,17-08-2025,FALSE,
125,06-06-2025,TRUE,05-08-2025
126,19-05-2025,TRUE,18-07-2025
127,03-05-2025,TRUE,02-07-2025
128,23-06-2025,TRUE,22-08-2025
129,18-07-2025,FALSE,
130,14-09-2025,FALSE,
131,17-04-2024,TRUE,16-06-2024
132,06-09-2025,FALSE,
133,31-08-2025,FALSE,
134,08-08-2025,TRUE,07-10-2025
135,29-07-2025,FALSE,
136,04-03-2025,TRUE,03-05-2025
137,18-07-2024,TRUE,16-09-2024
138,04-09-2025,FALSE,
139,27-07-2025,FALSE,
140,05-09-2025,FALSE,
141,23-06-2025,TRUE,22-08-2025
142,03-08-2025,FALSE,
143,15-07-2025,FALSE,
144,04-09-2025,TRUE,03-11-2025
145,24-08-2025,FALSE,
146,23-08-2025,FALSE,
147,20-10-2024,TRUE,19-12-2024
148,22-09-2025,FALSE,
149,05-09-2025,FALSE,
150,19-03-2025,TRUE,18-05-2025
151,28-08-2025,TRUE,27-10-2025
152,31-08-2025,FALSE,
153,13-07-2025,FALSE,
154,11-06-2024,TRUE,10-08-2024
155,24-08-2025,FALSE,
156,05-09-2025,FALSE,
157,15-01-2025,TRUE,16-03-2025
158,11-08-2025,FALSE,
159,24-07-2025,TRUE,22-09-2025
160,30-08-2025,FALSE,
161,19-09-2025,TRUE,18-11-2025
162,15-08-2025,FALSE,
163,09-08-2025,FALSE,
164,07-02-2025,TRUE,08-04-2025
165,24-08-2025,FALSE,
166,19-08-2025,FALSE,
167,29-08-2025,TRUE,28-10-2025
168,07-08-2025,FALSE,
169,06-09-2025,FALSE,
170,26-08-2025,FALSE,
171,17-08-2025,FALSE,
172,05-09-2025,FALSE,
173,14-09-2025,FALSE,
174,05-09-2025,FALSE,
175,11-09-2025,FALSE,
176,28-08-2025,FALSE,
177,05-09-2025,FALSE,
178,28-08-2025,FALSE,
179,01-09-2025,FALSE,
180,03-09-2025,FALSE,
181,14-08-2025,FALSE,
182,31-01-2025,TRUE,01-04-2025
183,09-08-2025,FALSE,
184,15-10-2024,FALSE,
185,17-08-2025,TRUE,16-10-2025
186,29-08-2025,FALSE,
187,06-09-2025,FALSE,
188,18-09-2025,FALSE,
189,28-08-2024,TRUE,27-10-2024
190,19-01-2025,TRUE,20-03-2025
191,08-09-2025,FALSE,
192,21-09-2025,TRUE,20-11-2025
193,10-07-2025,FALSE,
194,08-09-2025,FALSE,
195,17-08-2025,FALSE,
196,11-07-2024,TRUE,09-09-2024
197,20-08-2025,FALSE,
198,02-09-2025,FALSE,
199,29-08-2025,FALSE,
200,02-08-2025,FALSE,
201,15-08-2024,TRUE,14-10-2024
202,10-09-2025,FALSE,
203,12-09-2025,FALSE,
204,03-09-2025,FALSE,
205,28-05-2024,TRUE,27-07-2024
206,18-09-2025,FALSE,
207,18-07-2025,FALSE,
208,10-07-2024,TRUE,08-09-2024
209,12-09-2025,FALSE,
210,02-08-2025,FALSE,
211,29-08-2025,FALSE,
212,24-08-2025,FALSE,
213,30-08-2025,FALSE,
214,21-08-2025,FALSE,
215,01-09-2025,FALSE,
216,03-09-2025,FALSE,
217,02-09-2025,FALSE,
218,30-07-2025,FALSE,
219,16-12-2024,TRUE,14-02-2025
220,12-07-2025,FALSE,
221,10-07-2025,FALSE,
222,09-09-2025,FALSE,
223,06-09-2025,TRUE,05-11-2025
224,07-09-2025,FALSE,
225,26-08-2025,FALSE,
226,17-09-2025,FALSE,
227,19-08-2025,FALSE,
228,13-08-2025,FALSE,
229,11-07-2024,TRUE,09-09-2024
230,27-08-2025,FALSE,
231,08-05-2025,TRUE,07-07-2025
232,12-09-2025,FALSE,
233,22-06-2024,TRUE,21-08-2024
234,05-08-2025,FALSE,
235,29-08-2025,FALSE,
236,28-08-2025,TRUE,27-10-2025
237,10-09-2025,FALSE,
238,05-09-2025,FALSE,
239,01-09-2025,FALSE,
240,27-06-2025,TRUE,26-08-2025
241,25-08-2025,TRUE,24-10-2025
242,12-08-2025,FALSE,
243,30-12-2024,TRUE,28-02-2025
244,10-04-2024,TRUE,09-06-2024
245,28-05-2024,TRUE,27-07-2024
246,11-09-2025,FALSE,
247,03-10-2024,TRUE,02-12-2024
248,10-09-2025,FALSE,
249,06-09-2025,FALSE,
250,01-09-2025,FALSE,
251,12-08-2025,FALSE,
252,11-08-2025,FALSE,
253,28-07-2025,FALSE,
254,29-04-2025,TRUE,28-06-2025
255,01-09-2025,FALSE,
256,04-02-2025,TRUE,05-04-2025
257,16-08-2025,FALSE,
258,23-08-2025,FALSE,
259,31-08-2025,FALSE,
260,31-08-2025,FALSE,
261,19-08-2025,FALSE,
262,10-09-2025,FALSE,
263,13-08-2025,FALSE,
264,19-09-2025,FALSE,
265,09-09-2025,FALSE,
266,22-09-2025,FALSE,
267,25-08-2025,FALSE,
268,13-08-2025,FALSE,
269,27-08-2025,FALSE,
270,12-09-2025,FALSE,
271,20-09-2025,FALSE,
272,29-08-2025,FALSE,
273,22-06-2025,FALSE,
274,03-10-2024,TRUE,02-12-2024
275,10-09-2025,FALSE,
276,06-09-2025,FALSE,
277,26-08-2025,FALSE,
278,12-11-2024,TRUE,11-01-2025
279,26-08-2025,FALSE,
280,10-09-2025,FALSE,
281,15-08-2025,FALSE,
282,22-04-2025,TRUE,21-06-2025
283,18-08-2025,FALSE,
284,13-05-2025,TRUE,12-07-2025
285,06-08-2025,FALSE,
286,25-08-2025,FALSE,
287,22-07-2025,FALSE,
288,11-09-2025,FALSE,
289,10-03-2025,TRUE,09-05-2025
290,02-09-2025,FALSE,
291,17-08-2025,FALSE,
292,22-08-2025,FALSE,
293,27-08-2025,FALSE,
294,21-12-2024,TRUE,19-02-2025
295,24-07-2025,FALSE,
296,07-05-2025,TRUE,06-07-2025
297,15-08-2025,FALSE,
298,15-09-2025,TRUE,14-11-2025
299,04-07-2025,FALSE,
300,06-09-2025,FALSE,
301,31-08-2025,FALSE,
302,30-08-2025,FALSE,
303,14-08-2025,FALSE,
304,22-08-2025,FALSE,
305,21-09-2025,FALSE,
306,12-06-2025,TRUE,11-08-2025
307,06-08-2025,FALSE,
308,08-08-2025,FALSE,
309,07-09-2025,FALSE,
310,10-09-2025,FALSE,
311,05-07-2025,FALSE,
312,17-09-2025,FALSE,
313,23-07-2025,FALSE,
314,29-08-2025,FALSE,
315,18-08-2025,FALSE,
316,28-08-2025,FALSE,
317,07-09-2025,FALSE,
318,08-05-2024,TRUE,07-07-2024
319,13-09-2025,FALSE,
320,27-08-2025,FALSE,
321,21-08-2024,TRUE,20-10-2024
322,07-08-2025,FALSE,
323,28-08-2025,FALSE,
324,19-07-2024,TRUE,17-09-2024
325,23-08-2025,FALSE,
326,24-08-2025,FALSE,
327,12-05-2025,TRUE,11-07-2025
328,05-08-2025,TRUE,04-10-2025
329,20-09-2025,FALSE,
330,20-08-2025,FALSE,
331,06-08-2025,FALSE,
332,16-09-2025,FALSE,
333,21-08-2024,TRUE,20-10-2024
334,27-08-2025,FALSE,
335,10-09-2025,TRUE,09-11-2025
336,10-09-2025,FALSE,
337,26-10-2024,TRUE,25-12-2024
338,08-06-2025,TRUE,07-08-2025
339,02-09-2025,FALSE,
340,27-03-2025,TRUE,26-05-2025
341,23-08-2025,FALSE,
342,07-11-2024,TRUE,06-01-2025
343,26-08-2025,FALSE,
344,15-08-2025,FALSE,
345,19-09-2025,FALSE,
346,19-09-2025,FALSE,
347,17-06-2025,TRUE,16-08-2025
348,30-08-2025,FALSE,
349,17-09-2025,FALSE,
350,14-08-2025,FALSE,
351,15-07-2025,FALSE,
352,25-02-2025,TRUE,26-04-2025
353,21-05-2024,TRUE,20-07-2024
354,28-07-2025,TRUE,26-09-2025
355,09-09-2025,FALSE,
356,30-08-2025,FALSE,
357,03-09-2025,FALSE,
358,15-05-2025,TRUE,14-07-2025
359,10-09-2025,FALSE,
360,30-08-2025,FALSE,
361,06-08-2025,FALSE,
362,28-08-2025,FALSE,
363,05-05-2025,TRUE,04-07-2025
364,14-09-2025,FALSE,
365,16-11-2024,TRUE,15-01-2025
366,28-08-2025,FALSE,
367,27-08-2025,FALSE,
368,21-08-2025,FALSE,
369,20-08-2025,FALSE,
370,08-08-2025,FALSE,
371,05-08-2025,FALSE,
372,13-09-2025,FALSE,
373,07-09-2025,FALSE,
374,26-08-2025,FALSE,
375,13-11-2024,TRUE,12-01-2025
376,12-09-2025,FALSE,
377,09-09-2025,FALSE,
378,14-06-2025,TRUE,13-08-2025
379,01-09-2025,FALSE,
380,21-05-2024,TRUE,20-07-2024
381,14-09-2025,FALSE,
382,10-09-2025,FALSE,
383,21-08-2025,FALSE,
384,28-06-2025,TRUE,27-08-2025
385,16-08-2025,FALSE,
386,18-05-2024,TRUE,17-07-2024
387,02-09-2025,FALSE,
388,12-09-2025,FALSE,
389,19-08-2025,TRUE,18-10-2025
390,31-07-2024,TRUE,29-09-2024
391,28-08-2025,TRUE,27-10-2025
392,30-08-2025,FALSE,
393,04-01-2025,TRUE,05-03-2025
394,03-12-2024,TRUE,01-02-2025
395,09-09-2025,FALSE,
396,10-09-2025,TRUE,09-11-2025
397,06-09-2025,FALSE,
398,31-08-2025,FALSE,
399,04-08-2025,FALSE,
400,21-08-2025,FALSE,
401,14-08-2025,FALSE,
402,11-08-2025,FALSE,
403,03-09-2025,FALSE,
404,05-09-2025,FALSE,
405,10-08-2025,FALSE,
406,19-08-2025,FALSE,
407,15-08-2025,FALSE,
408,09-09-2025,FALSE,
409,25-08-2024,TRUE,24-10-2024
410,22-08-2025,FALSE,
411,01-09-2025,FALSE,
412,29-08-2025,FALSE,
413,30-08-2025,FALSE,
414,30-08-2025,FALSE,
415,05-03-2025,TRUE,04-05-2025
416,03-04-2025,TRUE,02-06-2025
417,15-07-2025,FALSE,
418,27-08-2025,FALSE,
419,11-08-2025,FALSE,
420,14-09-2025,FALSE,
421,29-08-2025,FALSE,
422,18-09-2025,FALSE,
423,24-01-2025,TRUE,25-03-2025
424,24-08-2025,FALSE,
425,24-01-2025,TRUE,25-03-2025
426,04-08-2025,FALSE,
427,02-09-2025,FALSE,
428,08-09-2024,TRUE,07-11-2024
429,16-05-2025,TRUE,15-07-2025
430,12-09-2025,FALSE,
431,06-09-2025,FALSE,
432,22-12-2024,TRUE,20-02-2025
433,01-09-2025,FALSE,
434,04-09-2025,FALSE,
435,06-09-2025,FALSE,
436,04-09-2025,FALSE,
437,06-09-2025,FALSE,
438,25-08-2025,FALSE,
439,07-09-2025,FALSE,
440,22-05-2025,TRUE,21-07-2025
441,20-08-2025,FALSE,
442,07-08-2025,FALSE,
443,26-07-2025,FALSE,
444,12-09-2025,FALSE,
445,05-05-2024,TRUE,04-07-2024
446,01-09-2025,FALSE,
447,12-07-2025,FALSE,
448,13-09-2025,FALSE,
449,06-09-2025,FALSE,
450,21-06-2024,TRUE,20-08-2024
451,07-09-2025,FALSE,
452,22-09-2025,FALSE,
453,21-08-2025,FALSE,
454,28-07-2025,FALSE,
455,03-09-2025,FALSE,
456,02-09-2025,FALSE,
457,18-05-2024,TRUE,17-07-2024
458,03-09-2025,FALSE,
459,12-05-2024,TRUE,11-07-2024
460,24-08-2025,FALSE,
461,17-08-2025,FALSE,
462,23-08-2025,FALSE,
463,23-08-2025,FALSE,
464,05-09-2025,FALSE,
465,12-08-2025,FALSE,
466,13-09-2025,FALSE,
467,26-08-2025,FALSE,
468,17-08-2025,FALSE,
469,11-08-2025,TRUE,10-10-2025
470,25-04-2025,TRUE,24-06-2025
471,08-09-2024,TRUE,07-11-2024
472,10-08-2025,FALSE,
473,19-08-2024,TRUE,18-10-2024
474,28-08-2025,FALSE,
475,07-06-2024,TRUE,06-08-2024
476,10-03-2025,TRUE,09-05-2025
477,21-04-2025,TRUE,20-06-2025
478,22-08-2025,FALSE,
479,05-08-2025,FALSE,
480,19-08-2025,FALSE,
481,25-07-2025,FALSE,
482,04-09-2025,FALSE,
483,24-07-2025,FALSE,
484,15-06-2024,TRUE,14-08-2024
485,18-08-2025,FALSE,
486,13-09-2025,FALSE,
487,18-07-2025,FALSE,
488,06-09-2025,TRUE,05-11-2025
489,14-07-2024,TRUE,12-09-2024
490,08-05-2024,TRUE,07-07-2024
491,21-08-2025,TRUE,20-10-2025
492,19-07-2024,TRUE,17-09-2024
493,05-09-2025,FALSE,
494,20-08-2025,FALSE,
495,25-08-2025,FALSE,
496,17-09-2025,FALSE,
497,13-09-2025,FALSE,
498,20-09-2025,FALSE,
499,06-05-2024,TRUE,05-07-2024
500,10-09-2025,FALSE,
501,12-08-2025,FALSE,
502,30-08-2025,FALSE,
503,12-09-2025,FALSE,
504,04-05-2025,TRUE,03-07-2025
505,01-09-2025,FALSE,
506,26-08-2025,FALSE,
507,26-08-2025,FALSE,
508,07-09-2025,FALSE,
509,21-08-2025,FALSE,
510,28-08-2025,FALSE,
511,27-08-2025,FALSE,
512,25-08-2025,FALSE,
513,10-09-2025,FALSE,
514,24-08-2025,FALSE,
515,15-08-2025,FALSE,
516,12-09-2025,FALSE,
517,02-09-2025,FALSE,
518,09-08-2025,FALSE,
519,12-09-2025,FALSE,
520,05-08-2025,FALSE,
521,11-09-2025,TRUE,10-11-2025
522,12-09-2025,FALSE,
523,16-09-2025,FALSE,
524,27-08-2025,FALSE,
525,14-08-2024,TRUE,13-10-2024
526,17-07-2025,FALSE,
527,19-09-2025,FALSE,
528,06-09-2025,FALSE,
529,05-09-2025,FALSE,
530,29-08-2025,TRUE,28-10-2025
531,02-09-2025,FALSE,
532,06-06-2025,TRUE,05-08-2025
533,11-09-2025,FALSE,
534,04-02-2025,TRUE,05-04-2025
535,06-09-2025,FALSE,
536,18-08-2025,FALSE,
537,29-07-2025,FALSE,
538,04-09-2025,FALSE,
539,18-03-2025,TRUE,17-05-2025
540,16-03-2025,TRUE,15-05-2025
541,05-07-2025,FALSE,
542,26-08-2025,FALSE,
543,15-12-2024,TRUE,13-02-2025
544,20-08-2025,FALSE,
545,25-08-2025,FALSE,
546,17-08-2025,FALSE,
547,09-07-2025,FALSE,
548,14-08-2025,FALSE,
549,24-05-2024,TRUE,23-07-2024
550,03-09-2025,FALSE,
551,05-09-2025,FALSE,
552,03-11-2024,TRUE,02-01-2025
553,04-09-2025,FALSE,
554,11-09-2025,FALSE,
555,18-08-2025,FALSE,
556,02-04-2024,TRUE,01-06-2024
557,04-09-2025,FALSE,
558,04-09-2025,FALSE,
559,24-08-2025,FALSE,
560,01-09-2025,FALSE,
561,15-08-2025,FALSE,
562,12-07-2025,FALSE,
563,15-04-2025,TRUE,14-06-2025
564,13-11-2024,TRUE,12-01-2025
565,03-07-2025,FALSE,
566,16-09-2025,FALSE,
567,28-11-2024,TRUE,27-01-2025
568,04-09-2025,FALSE,
569,08-07-2025,FALSE,
570,20-06-2024,TRUE,19-08-2024
571,27-08-2025,FALSE,
572,21-09-2025,FALSE,
573,08-09-2025,FALSE,
574,13-09-2025,FALSE,
575,20-08-2025,FALSE,
576,05-08-2025,FALSE,
577,06-08-2025,FALSE,
578,21-08-2025,FALSE,
579,14-08-2025,FALSE,
580,05-08-2025,FALSE,
581,01-09-2025,FALSE,
582,29-08-2025,FALSE,
583,16-06-2024,TRUE,15-08-2024
584,07-11-2024,TRUE,06-01-2025
585,19-08-2025,FALSE,
586,09-09-2025,FALSE,
587,11-06-2025,TRUE,10-08-2025
588,04-10-2024,FALSE,
589,05-07-2025,FALSE,
590,14-09-2025,FALSE,
591,03-09-2025,FALSE,
592,15-06-2025,TRUE,14-08-2025
593,25-08-2025,FALSE,
594,05-07-2025,FALSE,
595,21-08-2025,FALSE,
596,25-08-2025,TRUE,24-10-2025
597,26-08-2025,FALSE,
598,06-08-2024,TRUE,05-10-2024
599,16-08-2025,TRUE,15-10-2025
600,18-07-2025,FALSE,
601,13-09-2025,FALSE,
602,05-05-2025,FALSE,
603,31-08-2025,FALSE,
604,18-09-2025,FALSE,
605,05-09-2025,FALSE,
606,11-09-2025,FALSE,
607,23-08-2025,FALSE,
608,07-09-2025,FALSE,
609,20-04-2025,TRUE,19-06-2025
610,01-09-2025,FALSE,
611,07-08-2025,FALSE,
612,11-09-2025,FALSE,
613,08-08-2025,FALSE,
614,16-07-2024,TRUE,14-09-2024
615,09-09-2025,FALSE,
616,01-09-2025,FALSE,
617,30-06-2024,TRUE,29-08-2024
618,07-09-2025,TRUE,06-11-2025
619,18-07-2025,FALSE,
620,08-06-2024,TRUE,07-08-2024
621,11-08-2025,FALSE,
622,31-08-2025,FALSE,
623,18-07-2025,FALSE,
624,16-08-2025,FALSE,
625,06-05-2025,TRUE,05-07-2025
626,08-09-2025,FALSE,
627,17-09-2025,FALSE,
628,17-08-2025,FALSE,
629,30-08-2025,FALSE,
630,06-09-2025,FALSE,
631,12-04-2025,TRUE,11-06-2025
632,11-09-2025,FALSE,
633,18-08-2025,FALSE,
634,29-08-2025,FALSE,
635,21-06-2024,TRUE,20-08-2024
636,09-05-2025,TRUE,08-07-2025
637,17-09-2025,FALSE,
638,29-08-2025,FALSE,
639,15-08-2025,FALSE,
640,10-09-2025,FALSE,
641,15-07-2025,FALSE,
642,07-09-2025,FALSE,
643,13-09-2025,FALSE,
644,03-08-2025,FALSE,
645,16-08-2025,FALSE,
646,16-09-2025,FALSE,
647,15-07-2025,FALSE,
648,30-08-2025,FALSE,
649,27-09-2024,TRUE,26-11-2024
650,06-08-2025,FALSE,
651,26-05-2025,FALSE,
652,29-08-2025,FALSE,
653,01-07-2025,TRUE,30-08-2025
654,06-09-2025,FALSE,
655,11-09-2025,FALSE,
656,22-08-2025,FALSE,
657,16-08-2025,FALSE,
658,26-08-2025,FALSE,
659,08-09-2025,FALSE,
660,31-07-2025,FALSE,
661,24-08-2025,FALSE,
662,09-09-2025,FALSE,
663,23-08-2025,FALSE,
664,21-08-2025,FALSE,
665,03-08-2025,FALSE,
666,13-09-2025,FALSE,
667,23-02-2025,TRUE,24-04-2025
668,17-12-2024,TRUE,15-02-2025
669,22-10-2024,TRUE,21-12-2024
670,25-08-2025,FALSE,
671,22-08-2025,FALSE,
672,08-09-2025,FALSE,
673,27-08-2025,FALSE,
674,15-09-2025,FALSE,
675,15-04-2024,TRUE,14-06-2024
676,27-08-2025,FALSE,
677,16-09-2025,FALSE,
678,22-08-2025,FALSE,
679,22-07-2025,FALSE,
680,23-01-2025,TRUE,24-03-2025
681,28-07-2025,FALSE,
682,20-08-2025,FALSE,
683,22-07-2025,FALSE,
684,14-09-2025,FALSE,
685,30-08-2025,FALSE,
686,26-08-2025,FALSE,
687,25-04-2025,TRUE,24-06-2025
688,02-09-2025,FALSE,
689,23-08-2025,FALSE,
690,03-09-2025,FALSE,
691,27-08-2025,FALSE,
692,05-09-2025,FALSE,
693,25-08-2025,FALSE,
694,30-07-2025,FALSE,
695,28-08-2025,FALSE,
696,12-09-2025,FALSE,
697,08-08-2025,TRUE,07-10-2025
698,25-07-2025,FALSE,
699,04-05-2024,TRUE,03-07-2024
700,15-09-2025,FALSE,
701,18-08-2025,FALSE,
702,07-08-2025,FALSE,
703,12-09-2025,TRUE,11-11-2025
704,18-07-2025,FALSE,
705,05-09-2025,FALSE,
706,23-08-2025,FALSE,
707,29-08-2025,FALSE,
708,29-08-2025,FALSE,
709,17-09-2025,FALSE,
710,29-08-2025,FALSE,
711,02-09-2025,FALSE,
712,10-03-2025,TRUE,09-05-2025
713,10-07-2024,TRUE,08-09-2024
714,27-08-2025,FALSE,
715,25-08-2025,FALSE,
716,25-06-2025,TRUE,24-08-2025
717,13-09-2025,FALSE,
718,18-08-2025,FALSE,
719,01-09-2025,FALSE,
720,03-09-2025,FALSE,
721,18-08-2025,FALSE,
722,30-08-2025,FALSE,
723,03-08-2025,TRUE,02-10-2025
724,31-08-2025,FALSE,
725,21-08-2025,FALSE,
726,28-08-2025,FALSE,
727,22-08-2025,FALSE,
728,20-07-2025,FALSE,
729,16-12-2024,TRUE,14-02-2025
730,06-09-2024,TRUE,05-11-2024
731,26-08-2025,FALSE,
732,31-08-2025,FALSE,
733,15-08-2025,FALSE,
734,06-09-2025,FALSE,
735,09-09-2025,TRUE,08-11-2025
736,02-09-2025,FALSE,
737,10-08-2025,FALSE,
738,19-08-2025,FALSE,
739,24-07-2024,TRUE,22-09-2024
740,02-11-2024,TRUE,01-01-2025
741,24-08-2025,FALSE,
742,19-09-2025,FALSE,
743,28-08-2025,TRUE,27-10-2025
744,03-09-2025,FALSE,
745,04-09-2025,FALSE,
746,20-08-2025,FALSE,
747,25-08-2025,FALSE,
748,10-02-2025,TRUE,11-04-2025
749,13-02-2025,TRUE,14-04-2025
750,25-08-2025,FALSE,
751,30-10-2024,TRUE,29-12-2024
752,06-01-2025,TRUE,07-03-2025
753,01-06-2025,TRUE,31-07-2025
754,07-08-2025,FALSE,
755,03-09-2024,TRUE,02-11-2024
756,27-06-2025,TRUE,26-08-2025
757,01-09-2025,FALSE,
758,07-11-2024,FALSE,
759,16-08-2025,FALSE,
760,31-08-2025,FALSE,
761,20-08-2025,FALSE,
762,02-03-2025,TRUE,01-05-2025
763,08-08-2025,FALSE,
764,15-08-2025,FALSE,
765,20-11-2024,TRUE,19-01-2025
766,24-08-2025,FALSE,
767,12-03-2025,TRUE,11-05-2025
768,25-08-2025,FALSE,
769,19-08-2025,FALSE,
770,29-08-2025,FALSE,
771,12-05-2025,TRUE,11-07-2025
772,06-07-2025,FALSE,
773,13-05-2025,TRUE,12-07-2025
774,16-08-2025,FALSE,
775,07-07-2025,FALSE,
776,28-08-2025,FALSE,
777,01-09-2025,FALSE,
778,24-08-2024,TRUE,23-10-2024
779,20-12-2024,FALSE,
780,06-03-2025,TRUE,05-05-2025
781,21-08-2025,FALSE,
782,30-03-2025,TRUE,29-05-2025
783,11-09-2025,FALSE,
784,10-04-2025,FALSE,
785,31-05-2025,TRUE,30-07-2025
786,28-08-2025,FALSE,
787,23-08-2025,FALSE,
788,09-05-2025,TRUE,08-07-2025
789,16-03-2025,TRUE,15-05-2025
790,24-06-2025,TRUE,23-08-2025
791,01-09-2025,FALSE,
792,12-09-2025,FALSE,
793,12-06-2025,TRUE,11-08-2025
794,20-08-2025,FALSE,
795,13-04-2024,TRUE,12-06-2024
796,13-09-2025,FALSE,
797,30-06-2025,TRUE,29-08-2025
798,07-09-2025,FALSE,
799,24-08-2025,FALSE,
800,29-08-2025,FALSE,
801,29-04-2025,TRUE,28-06-2025
802,08-05-2024,TRUE,07-07-2024
803,27-08-2025,FALSE,
804,02-08-2025,FALSE,
805,21-09-2025,FALSE,
806,31-08-2025,FALSE,
807,23-08-2025,FALSE,
808,18-08-2025,FALSE,
809,24-07-2025,FALSE,
810,16-08-2025,FALSE,
811,22-08-2025,FALSE,
812,10-12-2024,TRUE,08-02-2025
813,09-09-2025,FALSE,
814,07-09-2024,TRUE,06-11-2024
815,15-06-2024,TRUE,14-08-2024
816,26-08-2025,FALSE,
817,10-09-2025,FALSE,
818,03-04-2024,TRUE,02-06-2024
819,02-07-2025,TRUE,31-08-2025
820,06-09-2025,FALSE,
821,07-08-2025,FALSE,
822,31-08-2025,FALSE,
823,11-09-2025,FALSE,
824,19-08-2025,FALSE,
825,04-05-2025,TRUE,03-07-2025
826,21-08-2025,FALSE,
827,05-09-2025,FALSE,
828,17-09-2025,FALSE,
829,17-05-2025,TRUE,16-07-2025
830,01-09-2025,FALSE,
831,01-09-2025,FALSE,
832,29-08-2025,FALSE,
833,13-09-2025,TRUE,12-11-2025
834,28-08-2025,FALSE,
835,11-05-2025,TRUE,10-07-2025
836,05-09-2025,FALSE,
837,04-09-2025,FALSE,
838,07-08-2025,FALSE,
839,07-07-2025,FALSE,
840,12-06-2024,TRUE,11-08-2024
841,07-09-2025,FALSE,
842,14-08-2025,FALSE,
843,23-08-2025,FALSE,
844,12-09-2025,FALSE,
845,25-08-2025,FALSE,
846,18-09-2025,FALSE,
847,25-08-2025,FALSE,
848,21-09-2025,FALSE,
849,13-09-2025,FALSE,
850,27-08-2025,FALSE,
851,03-09-2025,FALSE,
852,08-02-2025,TRUE,09-04-2025
853,13-09-2025,FALSE,
854,20-08-2025,FALSE,
855,05-08-2025,FALSE,
856,28-08-2025,FALSE,
857,05-07-2025,TRUE,03-09-2025
858,25-09-2025,FALSE,
859,01-09-2025,FALSE,
860,27-08-2025,FALSE,
861,05-09-2025,FALSE,
862,04-08-2025,FALSE,
863,08-07-2024,TRUE,06-09-2024
864,27-04-2025,TRUE,26-06-2025
865,05-09-2025,FALSE,
866,05-08-2025,FALSE,
867,27-08-2025,FALSE,
868,01-09-2025,FALSE,
869,20-04-2025,TRUE,19-06-2025
870,26-06-2025,TRUE,25-08-2025
871,30-08-2025,FALSE,
872,04-03-2025,TRUE,03-05-2025
873,07-09-2025,FALSE,
874,21-09-2025,FALSE,
875,27-08-2025,FALSE,
876,26-08-2025,FALSE,
877,29-08-2025,FALSE,
878,01-09-2025,FALSE,
879,14-04-2025,TRUE,13-06-2025
880,07-09-2025,FALSE,
881,21-08-2025,FALSE,
882,26-08-2025,FALSE,
883,03-08-2025,FALSE,
884,06-09-2025,FALSE,
885,09-09-2025,FALSE,
886,04-08-2025,FALSE,
887,05-09-2025,FALSE,
888,15-08-2025,FALSE,
889,02-07-2025,TRUE,31-08-2025
890,17-08-2025,FALSE,
891,10-08-2025,FALSE,
892,09-08-2025,FALSE,
893,07-06-2025,TRUE,06-08-2025
894,10-09-2025,FALSE,
895,22-08-2025,FALSE,
896,06-09-2025,FALSE,
897,06-07-2025,FALSE,
898,20-09-2025,FALSE,
899,20-07-2024,TRUE,18-09-2024
900,18-08-2025,FALSE,
901,16-09-2025,FALSE,
902,16-09-2025,FALSE,
903,18-06-2025,TRUE,17-08-2025
904,09-08-2025,FALSE,
905,25-11-2024,TRUE,24-01-2025
906,18-11-2024,TRUE,17-01-2025
907,09-08-2025,FALSE,
908,29-08-2025,FALSE,
909,16-08-2025,FALSE,
910,01-08-2025,FALSE,
911,06-09-2025,FALSE,
912,02-09-2025,FALSE,
913,15-05-2025,TRUE,14-07-2025
914,03-09-2025,FALSE,
915,22-09-2025,FALSE,
916,31-08-2025,FALSE,
917,11-04-2024,TRUE,10-06-2024
918,07-09-2025,FALSE,
919,25-06-2025,TRUE,24-08-2025
920,19-09-2025,FALSE,
921,09-09-2025,FALSE,
922,12-10-2024,TRUE,11-12-2024
923,21-08-2025,FALSE,
924,19-08-2025,FALSE,
925,03-09-2025,FALSE,
926,25-10-2024,TRUE,24-12-2024
927,18-07-2025,FALSE,
928,01-09-2025,FALSE,
929,17-10-2024,TRUE,16-12-2024
930,23-08-2025,FALSE,
931,27-08-2025,FALSE,
932,10-08-2025,FALSE,
933,24-08-2025,FALSE,
934,20-08-2025,FALSE,
935,01-01-2025,TRUE,02-03-2025
936,04-09-2025,FALSE,
937,04-09-2025,FALSE,
938,10-08-2025,FALSE,
939,23-08-2025,FALSE,
940,16-08-2025,FALSE,
941,24-08-2025,FALSE,
942,25-08-2025,FALSE,
943,10-08-2025,FALSE,
944,21-08-2025,FALSE,
945,03-09-2025,FALSE,
946,27-08-2025,FALSE,
947,19-07-2025,FALSE,
948,31-08-2025,FALSE,
949,17-10-2024,TRUE,16-12-2024
950,09-09-2025,TRUE,08-11-2025
951,27-08-2025,FALSE,
952,12-08-2025,FALSE,
953,08-09-2025,FALSE,
954,16-09-2025,FALSE,
955,28-08-2025,FALSE,
956,06-09-2025,TRUE,05-11-2025
957,23-08-2025,FALSE,
958,02-09-2025,TRUE,01-11-2025
959,09-09-2025,FALSE,
960,11-08-2025,FALSE,
961,07-09-2025,FALSE,
962,11-09-2025,FALSE,
963,07-06-2024,TRUE,06-08-2024
964,17-08-2025,FALSE,
965,09-09-2025,FALSE,
966,16-09-2025,FALSE,
967,07-09-2025,FALSE,
968,06-03-2025,TRUE,05-05-2025
969,24-08-2025,FALSE,
970,19-08-2025,FALSE,
971,29-07-2025,FALSE,
972,25-07-2025,TRUE,23-09-2025
973,09-06-2024,TRUE,08-08-2024
974,01-07-2025,TRUE,30-08-2025
975,15-09-2025,FALSE,
976,13-08-2025,FALSE,
977,25-06-2025,TRUE,24-08-2025
978,21-09-2024,FALSE,
979,31-08-2025,FALSE,
980,15-09-2024,TRUE,14-11-2024
981,25-06-2025,TRUE,24-08-2025
982,10-09-2025,FALSE,
983,15-09-2024,TRUE,14-11-2024
984,20-09-2024,TRUE,19-11-2024
985,02-09-2025,FALSE,
986,15-09-2025,FALSE,
987,31-08-2025,FALSE,
988,18-08-2025,FALSE,
989,06-09-2025,FALSE,
990,20-08-2025,FALSE,
991,31-05-2025,TRUE,30-07-2025
992,20-08-2025,FALSE,
993,14-08-2024,TRUE,13-10-2024
994,27-08-2025,FALSE,
995,28-08-2025,FALSE,
996,11-09-2025,FALSE,
997,27-05-2025,TRUE,26-07-2025
998,31-08-2025,FALSE,
999,02-08-2025,FALSE,
1000,15-09-2025,FALSE,
1001,18-08-2025,FALSE,
1002,12-09-2025,FALSE,
1003,24-08-2024,TRUE,23-10-2024
1004,21-03-2025,TRUE,20-05-2025
1005,25-04-2025,TRUE,24-06-2025
1006,05-08-2025,FALSE,
1007,28-02-2025,TRUE,29-04-2025
1008,29-04-2024,TRUE,28-06-2024
1009,15-09-2025,FALSE,
1010,02-03-2025,TRUE,01-05-2025
1011,13-09-2025,FALSE,
1012,12-08-2025,FALSE,
1013,07-08-2025,FALSE,
1014,21-08-2025,FALSE,
1015,14-07-2025,FALSE,
1016,07-09-2025,FALSE,
1017,13-08-2025,FALSE,
1018,16-08-2024,TRUE,15-10-2024
1019,29-06-2024,TRUE,28-08-2024
1020,31-08-2025,FALSE,
1021,22-03-2025,TRUE,21-05-2025
1022,24-08-2025,FALSE,
1023,08-09-2025,FALSE,
1024,24-09-2025,FALSE,
1025,02-09-2025,FALSE,
1026,25-11-2024,TRUE,24-01-2025
1027,13-09-2025,FALSE,
1028,30-08-2025,FALSE,
1029,15-09-2025,FALSE,
1030,28-08-2025,FALSE,
1031,15-09-2025,FALSE,
1032,28-08-2025,FALSE,
1033,07-08-2025,FALSE,
1034,18-04-2025,TRUE,17-06-2025
1035,07-04-2025,TRUE,06-06-2025
1036,04-09-2025,FALSE,
1037,23-07-2025,FALSE,
1038,19-07-2025,FALSE,
1039,23-06-2024,TRUE,22-08-2024
1040,14-08-2025,FALSE,
1041,20-08-2025,FALSE,
1042,22-01-2025,TRUE,23-03-2025
1043,03-09-2025,FALSE,
1044,13-09-2025,FALSE,
1045,07-09-2024,TRUE,06-11-2024
1046,20-08-2025,FALSE,
1047,04-09-2025,FALSE,
1048,09-07-2025,FALSE,
1049,19-08-2025,FALSE,
1050,09-09-2025,FALSE,
1051,01-09-2025,FALSE,
1052,26-08-2025,FALSE,
1053,01-09-2025,FALSE,
1054,06-08-2025,FALSE,
1055,20-09-2025,FALSE,
1056,26-07-2025,FALSE,
1057,24-06-2025,TRUE,23-08-2025
1058,16-08-2025,FALSE,
1059,12-08-2025,FALSE,
1060,11-09-2025,FALSE,
1061,23-03-2025,TRUE,22-05-2025
1062,12-08-2025,FALSE,
1063,19-09-2024,TRUE,18-11-2024
1064,22-08-2025,FALSE,
1065,23-08-2025,FALSE,
1066,20-08-2025,FALSE,
1067,18-05-2025,TRUE,17-07-2025
1068,28-06-2025,TRUE,27-08-2025
1069,03-09-2025,FALSE,
1070,28-08-2025,FALSE,
1071,26-08-2025,FALSE,
1072,01-06-2024,TRUE,31-07-2024
1073,03-09-2025,FALSE,
1074,21-01-2025,TRUE,22-03-2025
1075,29-08-2025,FALSE,
1076,22-08-2025,FALSE,
1077,26-08-2025,FALSE,
1078,19-08-2025,FALSE,
1079,08-09-2025,FALSE,
1080,26-02-2025,TRUE,27-04-2025
1081,24-09-2024,TRUE,23-11-2024
1082,08-08-2025,FALSE,
1083,04-09-2025,FALSE,
1084,10-08-2025,FALSE,
1085,08-07-2025,FALSE,
1086,31-08-2025,FALSE,
1087,25-05-2024,TRUE,24-07-2024
1088,05-08-2025,FALSE,
1089,17-08-2025,FALSE,
1090,09-09-2025,FALSE,
1091,27-08-2025,FALSE,
1092,22-09-2025,FALSE,
1093,28-07-2025,FALSE,
1094,08-09-2025,FALSE,
1095,16-08-2025,FALSE,
1096,29-08-2025,FALSE,
1097,26-08-2025,FALSE,
1098,05-09-2025,FALSE,
1099,10-02-2025,TRUE,11-04-2025
1100,15-09-2025,TRUE,14-11-2025
1101,07-09-2025,FALSE,
1102,17-08-2025,FALSE,
1103,03-09-2025,FALSE,
1104,15-07-2025,FALSE,
1105,25-08-2025,FALSE,
1106,19-06-2025,TRUE,18-08-2025
1107,27-08-2025,FALSE,
1108,12-09-2025,FALSE,
1109,21-08-2025,FALSE,
1110,19-09-2025,FALSE,
1111,31-08-2025,FALSE,
1112,14-09-2025,FALSE,
1113,05-09-2025,FALSE,
1114,03-09-2025,FALSE,
1115,11-06-2025,TRUE,10-08-2025
1116,05-08-2025,FALSE,
1117,31-05-2025,TRUE,30-07-2025
1118,07-09-2025,FALSE,
1119,02-09-2025,FALSE,
1120,05-09-2025,FALSE,
1121,07-09-2025,FALSE,
1122,02-09-2025,FALSE,
1123,23-08-2025,FALSE,
1124,20-04-2025,TRUE,19-06-2025
1125,31-08-2025,FALSE,
1126,26-01-2025,TRUE,27-03-2025
1127,17-08-2025,FALSE,
1128,09-03-2025,TRUE,08-05-2025
1129,04-09-2025,FALSE,
1130,05-09-2025,FALSE,
1131,28-08-2025,FALSE,
1132,01-09-2025,FALSE,
1133,10-06-2025,TRUE,09-08-2025
1134,21-08-2025,TRUE,20-10-2025
1135,20-08-2025,FALSE,
1136,14-08-2025,FALSE,
1137,08-09-2025,FALSE,
1138,29-09-2024,TRUE,28-11-2024
1139,06-09-2025,FALSE,
1140,05-09-2024,TRUE,04-11-2024
1141,10-10-2024,TRUE,09-12-2024
1142,27-08-2025,FALSE,
1143,17-09-2025,FALSE,
1144,13-09-2025,FALSE,
1145,17-09-2025,FALSE,
1146,14-09-2025,FALSE,
1147,20-08-2024,TRUE,19-10-2024
1148,10-01-2025,TRUE,11-03-2025
1149,21-08-2025,FALSE,
1150,03-01-2025,FALSE,
1151,03-09-2025,FALSE,
1152,15-08-2025,FALSE,
1153,09-08-2025,FALSE,
1154,21-08-2025,FALSE,
1155,29-08-2025,FALSE,
1156,11-09-2025,FALSE,
1157,29-08-2025,FALSE,
1158,10-01-2025,TRUE,11-03-2025
1159,17-09-2025,FALSE,
1160,19-08-2025,FALSE,
1161,27-08-2025,FALSE,
1162,30-11-2024,TRUE,29-01-2025
1163,16-09-2025,FALSE,
1164,17-09-2025,TRUE,16-11-2025
1165,18-08-2025,FALSE,
1166,30-08-2025,FALSE,
1167,30-08-2025,FALSE,
1168,09-04-2024,TRUE,08-06-2024
1169,18-05-2024,FALSE,
1170,19-09-2025,FALSE,
1171,13-09-2025,FALSE,
1172,23-08-2025,FALSE,
1173,04-09-2025,FALSE,
1174,02-08-2025,FALSE,
1175,20-08-2025,FALSE,
1176,23-08-2025,FALSE,
1177,15-09-2025,FALSE,
1178,28-07-2025,FALSE,
1179,27-08-2025,FALSE,
1180,04-02-2025,TRUE,05-04-2025
1181,12-09-2025,TRUE,11-11-2025
1182,04-09-2025,FALSE,
1183,27-11-2024,TRUE,26-01-2025
1184,21-04-2025,TRUE,20-06-2025
1185,24-08-2025,FALSE,
1186,04-11-2024,TRUE,03-01-2025
1187,19-08-2025,FALSE,
1188,07-09-2025,FALSE,
1189,11-12-2024,TRUE,09-02-2025
1190,05-10-2024,TRUE,04-12-2024
1191,13-08-2025,FALSE,
1192,22-08-2025,FALSE,
1193,28-07-2024,TRUE,26-09-2024
1194,28-05-2025,TRUE,27-07-2025
1195,30-08-2025,FALSE,
1196,16-08-2025,FALSE,
1197,30-08-2025,FALSE,
1198,14-08-2025,FALSE,
1199,04-09-2025,FALSE,
1200,16-09-2025,FALSE,
1201,21-09-2025,FALSE,
1202,16-09-2025,FALSE,
1203,30-08-2025,TRUE,29-10-2025
1204,25-08-2025,FALSE,
1205,18-08-2025,FALSE,
1206,05-08-2025,FALSE,
1207,07-09-2025,FALSE,
1208,25-08-2025,FALSE,
1209,16-09-2024,TRUE,15-11-2024
1210,26-08-2025,FALSE,
1211,19-09-2025,FALSE,
1212,29-08-2025,FALSE,
1213,05-09-2025,FALSE,
1214,14-08-2025,FALSE,
1215,10-09-2025,FALSE,
1216,22-05-2024,TRUE,21-07-2024
1217,11-08-2025,FALSE,
1218,19-08-2024,TRUE,18-10-2024
1219,20-09-2025,FALSE,
1220,07-08-2024,TRUE,06-10-2024
1221,06-08-2025,FALSE,
1222,19-08-2025,FALSE,
1223,22-08-2025,FALSE,
1224,11-04-2024,TRUE,10-06-2024
1225,21-09-2025,FALSE,
1226,13-09-2025,FALSE,
1227,15-04-2025,TRUE,14-06-2025
1228,19-08-2024,TRUE,18-10-2024
1229,03-09-2025,FALSE,
1230,13-09-2025,FALSE,
1231,12-08-2025,FALSE,
1232,08-09-2025,FALSE,
1233,24-03-2025,FALSE,
1234,03-09-2025,FALSE,
1235,31-03-2025,TRUE,30-05-2025
1236,15-09-2025,FALSE,
1237,10-09-2025,FALSE,
1238,10-09-2025,FALSE,
1239,26-08-2025,FALSE,
1240,29-08-2025,FALSE,
1241,14-09-2025,FALSE,
1242,22-08-2025,FALSE,
1243,11-08-2025,FALSE,
1244,01-09-2025,FALSE,
1245,18-09-2025,FALSE,
1246,24-08-2025,FALSE,
1247,30-11-2024,TRUE,29-01-2025
1248,22-09-2024,TRUE,21-11-2024
1249,23-07-2025,FALSE,
1250,23-08-2025,FALSE,
1251,16-08-2025,FALSE,
1252,15-09-2025,FALSE,
1253,26-08-2025,FALSE,
1254,24-07-2025,FALSE,
1255,12-08-2024,TRUE,11-10-2024
1256,26-05-2025,TRUE,25-07-2025
1257,19-07-2025,FALSE,
1258,19-11-2024,TRUE,18-01-2025
1259,08-12-2024,TRUE,06-02-2025
1260,08-05-2024,TRUE,07-07-2024
1261,09-09-2025,FALSE,
1262,17-02-2025,TRUE,18-04-2025
1263,10-09-2025,FALSE,
1264,15-09-2025,FALSE,
1265,04-09-2025,TRUE,03-11-2025
1266,15-07-2025,FALSE,
1267,21-05-2025,TRUE,20-07-2025
1268,07-09-2025,FALSE,
1269,06-09-2025,FALSE,
1270,12-09-2024,TRUE,11-11-2024
1271,28-08-2025,FALSE,
1272,02-08-2025,FALSE,
1273,31-05-2024,TRUE,30-07-2024
1274,17-08-2025,FALSE,
1275,13-09-2025,FALSE,
1276,07-09-2025,FALSE,
1277,28-08-2025,FALSE,
1278,25-09-2025,FALSE,
1279,10-05-2025,TRUE,09-07-2025
1280,02-09-2025,FALSE,
1281,05-09-2025,TRUE,04-11-2025
1282,21-08-2025,FALSE,
1283,08-09-2025,FALSE,
1284,03-09-2025,FALSE,
1285,19-11-2024,TRUE,18-01-2025
1286,20-07-2025,FALSE,
1287,30-08-2025,FALSE,
1288,31-08-2024,TRUE,30-10-2024
1289,06-09-2025,FALSE,
1290,12-09-2025,FALSE,
1291,06-11-2024,TRUE,05-01-2025
1292,23-08-2025,FALSE,
1293,29-08-2025,FALSE,
1294,06-09-2025,TRUE,05-11-2025
1295,08-08-2025,FALSE,
1296,27-08-2025,FALSE,
1297,03-09-2025,FALSE,
1298,07-04-2025,TRUE,06-06-2025
1299,24-09-2025,FALSE,
1300,05-05-2025,TRUE,04-07-2025
1301,03-09-2025,FALSE,
1302,01-07-2025,TRUE,30-08-2025
1303,07-08-2025,FALSE,
1304,05-09-2025,FALSE,
1305,19-08-2025,FALSE,
1306,26-08-2025,FALSE,
1307,30-08-2025,TRUE,29-10-2025
1308,05-08-2025,FALSE,
1309,03-07-2024,TRUE,01-09-2024
1310,15-01-2025,TRUE,16-03-2025
1311,13-03-2025,TRUE,12-05-2025
1312,20-06-2024,TRUE,19-08-2024
1313,22-08-2025,TRUE,21-10-2025
1314,27-10-2024,TRUE,26-12-2024
1315,07-09-2025,FALSE,
1316,07-09-2025,FALSE,
1317,11-09-2025,FALSE,
1318,05-09-2025,FALSE,
1319,05-09-2025,FALSE,
1320,11-08-2025,FALSE,
1321,03-06-2025,TRUE,02-08-2025
1322,07-09-2025,FALSE,
1323,14-09-2025,FALSE,
1324,11-09-2025,FALSE,
1325,13-09-2025,FALSE,
1326,06-08-2025,FALSE,
1327,12-09-2025,FALSE,
1328,06-07-2025,FALSE,
1329,22-08-2025,FALSE,
1330,08-09-2025,FALSE,
1331,04-09-2025,FALSE,
1332,20-08-2025,FALSE,
1333,24-08-2025,FALSE,
1334,03-09-2025,FALSE,
1335,10-09-2025,FALSE,
1336,14-09-2025,TRUE,13-11-2025
1337,03-08-2025,FALSE,
1338,28-08-2025,FALSE,
1339,12-09-2025,FALSE,
1340,23-07-2025,FALSE,
1341,26-12-2024,TRUE,24-02-2025
1342,30-08-2025,FALSE,
1343,14-07-2025,FALSE,
1344,24-08-2025,TRUE,23-10-2025
1345,23-03-2025,TRUE,22-05-2025
1346,17-08-2025,FALSE,
1347,06-08-2025,FALSE,
1348,15-08-2024,TRUE,14-10-2024
1349,22-09-2025,FALSE,
1350,30-08-2025,FALSE,
1351,19-08-2025,FALSE,
1352,10-08-2025,FALSE,
1353,08-09-2025,FALSE,
1354,11-05-2025,TRUE,10-07-2025
1355,14-08-2025,FALSE,
1356,20-09-2025,FALSE,
1357,12-09-2025,FALSE,
1358,14-06-2025,TRUE,13-08-2025
1359,17-01-2025,TRUE,18-03-2025
1360,29-08-2025,FALSE,
1361,14-09-2025,FALSE,
1362,09-08-2025,FALSE,
1363,17-08-2025,FALSE,
1364,07-09-2025,FALSE,
1365,30-08-2025,FALSE,
1366,24-08-2025,FALSE,
1367,18-09-2025,FALSE,
1368,08-09-2025,FALSE,
1369,17-09-2025,FALSE,
1370,28-08-2025,FALSE,
1371,22-08-2025,FALSE,
1372,16-01-2025,TRUE,17-03-2025
1373,29-12-2024,TRUE,27-02-2025
1374,11-11-2024,TRUE,10-01-2025
1375,28-05-2024,TRUE,27-07-2024
1376,26-08-2025,FALSE,
1377,26-08-2025,FALSE,
1378,15-09-2025,FALSE,
1379,25-07-2025,FALSE,
1380,18-08-2025,FALSE,
1381,21-08-2025,FALSE,
1382,16-08-2025,FALSE,
1383,26-08-2025,FALSE,
1384,29-05-2024,TRUE,28-07-2024
1385,06-09-2025,FALSE,
1386,30-08-2025,FALSE,
1387,12-03-2025,TRUE,11-05-2025
1388,28-08-2025,FALSE,
1389,27-08-2025,FALSE,
1390,02-09-2025,FALSE,
1391,18-09-2025,FALSE,
1392,13-09-2025,FALSE,
1393,30-03-2025,TRUE,29-05-2025
1394,02-09-2025,FALSE,
1395,11-03-2025,TRUE,10-05-2025
1396,19-09-2025,FALSE,
1397,04-09-2025,FALSE,
1398,24-08-2025,FALSE,
1399,21-08-2025,FALSE,
1400,19-09-2025,FALSE,
1401,17-09-2025,FALSE,
1402,17-09-2025,FALSE,
1403,09-09-2025,FALSE,
1404,09-09-2025,FALSE,
1405,17-09-2025,FALSE,
1406,05-09-2025,FALSE,
1407,08-09-2025,FALSE,
1408,19-08-2025,FALSE,
1409,01-08-2025,FALSE,
1410,25-01-2025,TRUE,26-03-2025
1411,10-11-2024,TRUE,09-01-2025
1412,20-02-2025,TRUE,21-04-2025
1413,22-05-2025,TRUE,21-07-2025
1414,29-08-2025,FALSE,
1415,05-06-2024,FALSE,
1416,25-08-2025,FALSE,
1417,19-11-2024,TRUE,18-01-2025
1418,17-09-2025,FALSE,
1419,28-09-2024,TRUE,27-11-2024
1420,12-09-2024,TRUE,11-11-2024
1421,08-08-2025,FALSE,
1422,17-08-2024,TRUE,16-10-2024
1423,05-09-2025,FALSE,
1424,22-06-2024,TRUE,21-08-2024
1425,04-09-2025,FALSE,
1426,13-09-2025,FALSE,
1427,10-09-2025,FALSE,
1428,10-12-2024,TRUE,08-02-2025
1429,09-09-2025,FALSE,
1430,28-08-2025,FALSE,
1431,18-09-2025,FALSE,
1432,13-09-2025,FALSE,
1433,16-09-2025,FALSE,
1434,25-04-2025,TRUE,24-06-2025
1435,07-01-2025,TRUE,08-03-2025
1436,14-08-2025,FALSE,
1437,26-08-2025,FALSE,
1438,23-06-2025,TRUE,22-08-2025
1439,06-10-2024,TRUE,05-12-2024
1440,12-08-2024,TRUE,11-10-2024
1441,20-07-2025,FALSE,
1442,28-08-2025,FALSE,
1443,31-07-2025,FALSE,
1444,29-08-2025,FALSE,
1445,17-06-2025,TRUE,16-08-2025
1446,20-12-2024,TRUE,18-02-2025
1447,14-09-2025,FALSE,
1448,19-02-2025,TRUE,20-04-2025
1449,14-08-2025,FALSE,
1450,10-09-2025,FALSE,
1451,19-08-2025,FALSE,
1452,06-09-2025,FALSE,
1453,29-10-2024,TRUE,28-12-2024
1454,15-07-2025,FALSE,
1455,25-08-2025,FALSE,
1456,04-09-2025,FALSE,
1457,17-08-2025,FALSE,
1458,05-09-2025,FALSE,
1459,06-09-2025,FALSE,
1460,30-08-2025,FALSE,
1461,31-07-2025,FALSE,
1462,14-08-2025,FALSE,
1463,10-09-2025,FALSE,
1464,06-08-2025,FALSE,
1465,01-09-2025,FALSE,
1466,21-08-2025,FALSE,
1467,07-01-2025,TRUE,08-03-2025
1468,29-07-2025,FALSE,
1469,19-07-2025,FALSE,
1470,07-09-2025,FALSE,
1471,03-09-2025,FALSE,
1472,11-09-2025,FALSE,
1473,07-09-2025,FALSE,
1474,06-08-2025,FALSE,
1475,23-07-2025,FALSE,
1476,15-04-2024,TRUE,14-06-2024
1477,27-08-2025,FALSE,
1478,15-08-2025,FALSE,
1479,15-05-2025,TRUE,14-07-2025
1480,03-04-2025,TRUE,02-06-2025
1481,22-09-2025,FALSE,
1482,02-09-2025,FALSE,
1483,07-09-2024,TRUE,06-11-2024
1484,27-08-2025,FALSE,
1485,08-04-2024,TRUE,07-06-2024
1486,29-08-2025,FALSE,
1487,27-08-2025,FALSE,
1488,05-06-2024,TRUE,04-08-2024
1489,25-08-2025,FALSE,
1490,27-08-2025,FALSE,
1491,25-08-2025,FALSE,
1492,10-09-2025,TRUE,09-11-2025
1493,26-08-2025,FALSE,
1494,20-09-2025,FALSE,
1495,17-09-2025,FALSE,
1496,26-02-2025,TRUE,27-04-2025
1497,23-08-2025,FALSE,
1498,18-06-2024,TRUE,17-08-2024
1499,30-08-2025,FALSE,
1500,23-07-2025,FALSE,
1501,02-04-2025,TRUE,01-06-2025
1502,30-08-2025,FALSE,
1503,17-12-2024,TRUE,15-02-2025
1504,31-08-2025,FALSE,
1505,02-09-2025,FALSE,
1506,26-08-2025,FALSE,
1507,16-08-2025,FALSE,
1508,04-12-2024,TRUE,02-02-2025
1509,06-09-2025,FALSE,
1510,03-08-2024,TRUE,02-10-2024
1511,13-12-2024,TRUE,11-02-2025
1512,11-01-2025,TRUE,12-03-2025
1513,03-09-2025,FALSE,
1514,25-08-2025,FALSE,
1515,14-08-2025,FALSE,
1516,28-08-2025,FALSE,
1517,25-08-2025,FALSE,
1518,25-08-2025,FALSE,
1519,05-09-2025,FALSE,
1520,25-08-2025,FALSE,
1521,09-08-2025,FALSE,
1522,03-09-2025,FALSE,
1523,12-05-2024,TRUE,11-07-2024
1524,15-08-2025,FALSE,
1525,18-08-2025,FALSE,
1526,17-08-2025,FALSE,
1527,05-09-2025,FALSE,
1528,22-08-2025,FALSE,
1529,06-08-2025,FALSE,
1530,01-09-2025,FALSE,
1531,28-08-2025,FALSE,
1532,08-09-2025,FALSE,
1533,27-08-2025,FALSE,
1534,04-09-2025,FALSE,
1535,17-08-2025,FALSE,
1536,25-08-2025,TRUE,24-10-2025
1537,14-08-2025,FALSE,
1538,17-09-2024,TRUE,16-11-2024
1539,28-08-2025,FALSE,
1540,13-02-2025,TRUE,14-04-2025
1541,28-07-2025,FALSE,
1542,10-08-2025,FALSE,
1543,31-08-2025,FALSE,
1544,13-09-2025,FALSE,
1545,16-06-2024,TRUE,15-08-2024
1546,12-12-2024,TRUE,10-02-2025
1547,19-08-2025,FALSE,
1548,23-08-2025,FALSE,
1549,14-09-2025,FALSE,
1550,09-08-2025,FALSE,
1551,09-01-2025,TRUE,10-03-2025
1552,18-09-2025,FALSE,
1553,11-08-2025,FALSE,
1554,17-08-2025,FALSE,
1555,29-08-2025,FALSE,
1556,11-09-2025,FALSE,
1557,19-08-2025,FALSE,
1558,02-09-2025,FALSE,
1559,13-07-2024,TRUE,11-09-2024
1560,24-03-2025,TRUE,23-05-2025
1561,15-06-2025,TRUE,14-08-2025
1562,10-09-2025,FALSE,
1563,14-10-2024,TRUE,13-12-2024
1564,12-09-2025,FALSE,
1565,05-08-2025,FALSE,
1566,26-08-2025,FALSE,
1567,17-08-2025,FALSE,
1568,08-09-2025,FALSE,
1569,29-08-2025,FALSE,
1570,05-09-2025,FALSE,
1571,03-09-2025,FALSE,
1572,03-09-2025,FALSE,
1573,07-08-2025,FALSE,
1574,30-06-2025,TRUE,29-08-2025
1575,25-08-2025,FALSE,
1576,03-09-2025,FALSE,
1577,13-08-2025,FALSE,
1578,20-08-2025,FALSE,
1579,29-05-2025,TRUE,28-07-2025
1580,13-04-2025,TRUE,12-06-2025
1581,25-07-2024,TRUE,23-09-2024
1582,01-09-2025,FALSE,
1583,01-09-2025,FALSE,
1584,22-08-2025,FALSE,
1585,24-08-2025,FALSE,
1586,02-09-2025,FALSE,
1587,07-09-2025,FALSE,
1588,11-07-2025,FALSE,
1589,09-09-2025,FALSE,
1590,02-09-2025,FALSE,
1591,29-08-2025,FALSE,
1592,20-08-2025,FALSE,
1593,11-09-2025,FALSE,
1594,30-07-2025,FALSE,
1595,11-07-2025,FALSE,
1596,16-01-2025,TRUE,17-03-2025
1597,27-08-2025,FALSE,
1598,25-08-2025,FALSE,
1599,27-08-2025,FALSE,
1600,07-09-2025,FALSE,
1601,20-06-2025,TRUE,19-08-2025
1602,12-08-2025,FALSE,
1603,26-08-2025,FALSE,
1604,09-07-2025,FALSE,
1605,07-09-2025,FALSE,
1606,31-07-2025,TRUE,29-09-2025
1607,01-09-2025,FALSE,
1608,01-09-2025,FALSE,
1609,18-08-2025,FALSE,
1610,31-03-2025,TRUE,30-05-2025
1611,12-09-2025,TRUE,11-11-2025
1612,27-02-2025,TRUE,28-04-2025
1613,21-08-2025,FALSE,
1614,16-08-2025,FALSE,
1615,16-09-2024,TRUE,15-11-2024
1616,13-08-2025,FALSE,
1617,02-09-2025,FALSE,
1618,06-09-2025,FALSE,
1619,30-12-2024,TRUE,28-02-2025
1620,11-08-2025,FALSE,
1621,04-08-2025,FALSE,
1622,23-08-2025,FALSE,
1623,18-08-2025,FALSE,
1624,08-08-2025,FALSE,
1625,11-08-2025,FALSE,
1626,14-09-2025,FALSE,
1627,17-08-2025,TRUE,16-10-2025
1628,11-09-2025,FALSE,
1629,03-08-2025,FALSE,
1630,08-07-2025,FALSE,
1631,01-09-2025,FALSE,
1632,18-08-2025,FALSE,
1633,18-09-2025,FALSE,
1634,26-08-2025,FALSE,
1635,17-03-2025,TRUE,16-05-2025
1636,11-09-2025,FALSE,
1637,06-09-2025,FALSE,
1638,15-09-2025,FALSE,
1639,12-05-2025,FALSE,
1640,04-09-2025,FALSE,
1641,08-08-2025,FALSE,
1642,23-08-2025,FALSE,
1643,31-08-2025,FALSE,
1644,13-09-2025,FALSE,
1645,05-09-2025,FALSE,
1646,07-09-2025,FALSE,
1647,22-05-2024,TRUE,21-07-2024
1648,25-08-2025,FALSE,
1649,13-09-2025,FALSE,
1650,15-09-2025,FALSE,
1651,18-08-2025,FALSE,
1652,26-08-2025,FALSE,
1653,19-07-2025,FALSE,
1654,28-08-2025,FALSE,
1655,29-08-2025,FALSE,
1656,29-08-2025,FALSE,
1657,06-07-2025,FALSE,
1658,17-09-2024,TRUE,16-11-2024
1659,14-10-2024,TRUE,13-12-2024
1660,21-08-2025,FALSE,
1661,17-08-2025,FALSE,
1662,23-08-2025,FALSE,
1663,04-08-2024,TRUE,03-10-2024
1664,06-09-2025,FALSE,
1665,10-09-2025,FALSE,
1666,15-01-2025,TRUE,16-03-2025
1667,06-09-2025,FALSE,
1668,04-09-2025,FALSE,
1669,13-08-2025,FALSE,
1670,07-07-2024,TRUE,05-09-2024
1671,29-06-2024,FALSE,
1672,11-05-2024,TRUE,10-07-2024
1673,19-08-2025,FALSE,
1674,13-07-2025,FALSE,
1675,13-10-2024,TRUE,12-12-2024
1676,12-02-2025,TRUE,13-04-2025
1677,28-08-2025,FALSE,
1678,01-09-2024,TRUE,31-10-2024
1679,27-12-2024,TRUE,25-02-2025
1680,04-09-2025,FALSE,
1681,16-08-2025,TRUE,15-10-2025
1682,29-06-2024,TRUE,28-08-2024
1683,09-07-2025,FALSE,
1684,10-09-2025,FALSE,
1685,07-09-2025,FALSE,
1686,23-08-2025,FALSE,
1687,31-07-2025,FALSE,
1688,14-06-2025,TRUE,13-08-2025
1689,29-08-2025,FALSE,
1690,17-08-2025,FALSE,
1691,16-07-2025,FALSE,
1692,29-08-2025,FALSE,
1693,26-08-2025,FALSE,
1694,28-07-2025,FALSE,
1695,26-08-2024,TRUE,25-10-2024
1696,31-08-2025,FALSE,
1697,08-01-2025,TRUE,09-03-2025
1698,26-08-2025,FALSE,
1699,16-08-2025,FALSE,
1700,25-08-2025,FALSE,
1701,14-09-2025,FALSE,
1702,16-09-2025,FALSE,
1703,04-09-2025,FALSE,
1704,21-08-2025,FALSE,
1705,25-08-2025,FALSE,
1706,09-08-2025,FALSE,
1707,08-09-2025,FALSE,
1708,07-08-2024,TRUE,06-10-2024
1709,07-09-2025,FALSE,
1710,21-08-2025,FALSE,
1711,20-07-2025,FALSE,
1712,07-07-2025,FALSE,
1713,14-10-2024,TRUE,13-12-2024
1714,29-08-2025,FALSE,
1715,04-12-2024,TRUE,02-02-2025
1716,08-09-2025,FALSE,
1717,08-09-2025,FALSE,
1718,13-10-2024,TRUE,12-12-2024
1719,18-01-2025,TRUE,19-03-2025
1720,17-08-2025,FALSE,
1721,11-09-2025,FALSE,
1722,12-06-2025,TRUE,11-08-2025
1723,18-09-2025,FALSE,
1724,21-06-2025,TRUE,20-08-2025
1725,24-08-2025,FALSE,
1726,07-09-2025,FALSE,
1727,13-08-2025,TRUE,12-10-2025
1728,01-09-2025,FALSE,
1729,09-09-2025,FALSE,
1730,20-07-2025,FALSE,
1731,03-09-2025,FALSE,
1732,17-06-2025,TRUE,16-08-2025
1733,24-03-2025,TRUE,23-05-2025
1734,15-08-2025,FALSE,
1735,29-08-2025,FALSE,
1736,07-07-2025,FALSE,
1737,11-07-2025,FALSE,
1738,29-08-2025,FALSE,
1739,05-08-2025,FALSE,
1740,01-09-2025,FALSE,
1741,14-08-2025,FALSE,
1742,26-08-2025,FALSE,
1743,07-07-2025,FALSE,
1744,06-09-2025,FALSE,
1745,16-05-2025,TRUE,15-07-2025
1746,26-08-2025,FALSE,
1747,26-08-2025,FALSE,
1748,27-08-2025,FALSE,
1749,19-08-2025,FALSE,
1750,28-09-2024,TRUE,27-11-2024
1751,11-09-2025,FALSE,
1752,08-09-2025,TRUE,07-11-2025
1753,17-08-2025,FALSE,
1754,05-08-2025,FALSE,
1755,21-08-2025,FALSE,
1756,14-03-2025,TRUE,13-05-2025
1757,11-05-2025,TRUE,10-07-2025
1758,19-08-2025,FALSE,
1759,28-04-2025,TRUE,27-06-2025
1760,19-08-2025,FALSE,
1761,02-09-2025,FALSE,
1762,15-08-2025,FALSE,
1763,17-08-2025,FALSE,
1764,06-09-2025,FALSE,
1765,27-08-2025,FALSE,
1766,25-08-2025,FALSE,
1767,02-09-2025,FALSE,
1768,07-09-2025,FALSE,
1769,14-05-2024,TRUE,13-07-2024
1770,06-09-2024,TRUE,05-11-2024
1771,30-08-2025,FALSE,
1772,12-11-2024,TRUE,11-01-2025
1773,19-08-2025,FALSE,
1774,13-02-2025,TRUE,14-04-2025
1775,27-08-2025,FALSE,
1776,25-08-2025,FALSE,
1777,26-08-2025,TRUE,25-10-2025
1778,20-07-2025,FALSE,
1779,01-09-2025,FALSE,
1780,16-09-2025,FALSE,
1781,08-08-2025,FALSE,
1782,16-08-2025,FALSE,
1783,02-09-2025,FALSE,
1784,14-07-2024,TRUE,12-09-2024
1785,10-08-2025,FALSE,
1786,06-07-2025,FALSE,
1787,12-08-2025,FALSE,
1788,17-08-2025,FALSE,
1789,12-09-2025,FALSE,
1790,12-08-2025,FALSE,
1791,28-12-2024,TRUE,26-02-2025
1792,13-12-2024,TRUE,11-02-2025
1793,19-08-2025,FALSE,
1794,02-09-2025,FALSE,
1795,15-09-2025,FALSE,
1796,08-08-2025,FALSE,
1797,19-08-2025,FALSE,
1798,28-08-2025,FALSE,
1799,30-08-2025,FALSE,
1800,23-09-2025,FALSE,
1801,24-08-2025,FALSE,
1802,10-09-2025,FALSE,
1803,13-09-2025,FALSE,
1804,11-09-2025,FALSE,
1805,04-07-2025,FALSE,
1806,06-08-2025,FALSE,
1807,04-09-2025,FALSE,
1808,21-03-2025,TRUE,20-05-2025
1809,17-09-2025,FALSE,
1810,03-07-2024,TRUE,01-09-2024
1811,24-07-2025,FALSE,
1812,14-09-2025,FALSE,
1813,05-09-2025,FALSE,
1814,29-08-2025,FALSE,
1815,31-08-2025,FALSE,
1816,08-08-2025,TRUE,07-10-2025
1817,10-08-2025,FALSE,
1818,07-09-2025,FALSE,
1819,01-07-2025,TRUE,30-08-2025
1820,25-08-2025,FALSE,
1821,11-01-2025,TRUE,12-03-2025
1822,27-08-2025,FALSE,
1823,25-04-2025,TRUE,24-06-2025
1824,26-08-2025,FALSE,
1825,18-08-2025,FALSE,
1826,12-08-2025,FALSE,
1827,28-08-2025,FALSE,
1828,24-08-2025,FALSE,
1829,22-07-2025,FALSE,
1830,12-09-2025,FALSE,
1831,20-08-2025,FALSE,
1832,03-09-2025,FALSE,
1833,31-08-2025,FALSE,
1834,25-08-2025,FALSE,
1835,31-08-2025,FALSE,
1836,17-09-2025,FALSE,
1837,18-08-2025,FALSE,
1838,27-05-2025,TRUE,26-07-2025
1839,20-08-2025,FALSE,
1840,16-09-2025,FALSE,
1841,08-10-2024,TRUE,07-12-2024
1842,01-09-2025,FALSE,
1843,26-08-2025,FALSE,
1844,21-09-2024,TRUE,20-11-2024
1845,12-09-2025,FALSE,
1846,16-08-2025,FALSE,
1847,12-02-2025,TRUE,13-04-2025
1848,07-09-2025,FALSE,
1849,21-09-2025,FALSE,
1850,24-08-2025,FALSE,
1851,07-09-2025,FALSE,
1852,31-08-2025,FALSE,
1853,31-08-2025,FALSE,
1854,04-09-2025,FALSE,
1855,13-09-2025,FALSE,
1856,19-07-2025,FALSE,
1857,04-08-2025,FALSE,
1858,27-05-2025,TRUE,26-07-2025
1859,17-09-2025,FALSE,
1860,25-08-2025,FALSE,
1861,10-04-2025,TRUE,09-06-2025
1862,20-08-2025,FALSE,
1863,27-02-2025,TRUE,28-04-2025
1864,12-09-2025,FALSE,
1865,30-05-2024,TRUE,29-07-2024
1866,18-08-2025,FALSE,
1867,12-09-2025,FALSE,
1868,29-07-2025,FALSE,
1869,27-08-2025,FALSE,
1870,03-09-2024,TRUE,02-11-2024
1871,26-08-2025,FALSE,
1872,21-07-2025,FALSE,
1873,20-05-2024,TRUE,19-07-2024
1874,30-08-2025,FALSE,
1875,16-09-2025,FALSE,
1876,21-08-2025,FALSE,
1877,14-06-2024,TRUE,13-08-2024
1878,16-10-2024,TRUE,15-12-2024
1879,11-09-2025,FALSE,
1880,20-08-2025,FALSE,
1881,22-08-2025,FALSE,
1882,18-09-2025,FALSE,
1883,03-05-2025,TRUE,02-07-2025
1884,03-09-2025,FALSE,
1885,22-09-2025,FALSE,
1886,15-08-2025,FALSE,
1887,22-08-2025,FALSE,
1888,13-09-2025,FALSE,
1889,16-04-2025,FALSE,
1890,30-08-2025,FALSE,
1891,19-06-2024,TRUE,18-08-2024
1892,04-09-2025,FALSE,
1893,17-09-2025,FALSE,
1894,23-08-2025,FALSE,
1895,07-06-2024,TRUE,06-08-2024
1896,27-06-2025,TRUE,26-08-2025
1897,15-08-2025,FALSE,
1898,03-09-2025,FALSE,
1899,26-10-2024,TRUE,25-12-2024
1900,07-09-2025,FALSE,
1901,01-08-2025,FALSE,
1902,26-08-2025,FALSE,
1903,14-08-2025,FALSE,
1904,18-08-2025,FALSE,
1905,10-08-2025,FALSE,
1906,20-08-2025,FALSE,
1907,18-08-2025,FALSE,
1908,04-08-2025,FALSE,
1909,26-09-2025,FALSE,
1910,16-08-2025,FALSE,
1911,26-08-2025,FALSE,
1912,09-08-2025,FALSE,
1913,21-08-2025,FALSE,
1914,11-09-2025,FALSE,
1915,06-10-2024,TRUE,05-12-2024
1916,26-08-2025,TRUE,25-10-2025
1917,27-08-2025,FALSE,
1918,13-09-2025,FALSE,
1919,12-08-2025,FALSE,
1920,02-05-2024,TRUE,01-07-2024
1921,08-09-2025,FALSE,
1922,10-09-2025,FALSE,
1923,30-03-2025,TRUE,29-05-2025
1924,17-08-2025,FALSE,
1925,24-09-2025,FALSE,
1926,27-08-2025,FALSE,
1927,21-06-2025,TRUE,20-08-2025
1928,19-08-2025,FALSE,
1929,31-08-2025,TRUE,30-10-2025
1930,11-08-2025,FALSE,
1931,18-07-2024,TRUE,16-09-2024
1932,06-09-2025,FALSE,
1933,22-07-2025,FALSE,
1934,25-09-2025,FALSE,
1935,06-08-2025,FALSE,
1936,06-05-2024,TRUE,05-07-2024
1937,02-09-2025,FALSE,
1938,18-08-2025,FALSE,
1939,24-08-2025,FALSE,
1940,31-07-2025,FALSE,
1941,02-06-2025,TRUE,01-08-2025
1942,22-01-2025,FALSE,
1943,25-08-2025,FALSE,
1944,10-07-2025,FALSE,
1945,14-09-2025,FALSE,
1946,08-09-2025,FALSE,
1947,19-08-2025,FALSE,
1948,17-08-2025,FALSE,
1949,08-09-2025,FALSE,
1950,06-06-2025,TRUE,05-08-2025
1951,11-09-2025,FALSE,
1952,15-09-2025,FALSE,
1953,09-08-2025,FALSE,
1954,05-09-2025,FALSE,
1955,22-08-2025,FALSE,
1956,27-08-2025,FALSE,
1957,02-09-2025,FALSE,
1958,06-07-2025,FALSE,
1959,18-09-2025,FALSE,
1960,02-04-2024,TRUE,01-06-2024
1961,20-08-2024,TRUE,19-10-2024
1962,05-09-2025,FALSE,
1963,08-08-2024,TRUE,07-10-2024
1964,20-08-2025,FALSE,
1965,20-08-2025,FALSE,
1966,21-08-2025,FALSE,
1967,04-09-2025,FALSE,
1968,18-09-2025,FALSE,
1969,24-04-2025,TRUE,23-06-2025
1970,11-03-2025,TRUE,10-05-2025
1971,09-09-2025,FALSE,
1972,29-08-2025,FALSE,
1973,07-08-2025,FALSE,
1974,11-07-2025,FALSE,
1975,01-10-2024,TRUE,30-11-2024
1976,27-05-2025,TRUE,26-07-2025
1977,31-08-2025,FALSE,
1978,08-09-2025,FALSE,
1979,26-08-2025,FALSE,
1980,28-09-2024,TRUE,27-11-2024
1981,11-04-2024,TRUE,10-06-2024
1982,01-06-2025,TRUE,31-07-2025
1983,18-08-2025,FALSE,
1984,29-04-2024,TRUE,28-06-2024
1985,19-08-2025,FALSE,
1986,07-09-2025,FALSE,
1987,09-08-2025,FALSE,
1988,11-09-2025,FALSE,
1989,29-05-2024,TRUE,28-07-2024
1990,25-05-2025,TRUE,24-07-2025
1991,01-06-2025,TRUE,31-07-2025
1992,26-12-2024,FALSE,
1993,26-08-2025,FALSE,
1994,20-08-2025,FALSE,
1995,30-07-2025,FALSE,
1996,24-08-2025,FALSE,
1997,21-09-2025,FALSE,
1998,23-05-2025,TRUE,22-07-2025
1999,03-09-2025,FALSE,
2000,13-08-2025,FALSE,
2001,23-07-2024,TRUE,21-09-2024
2002,29-07-2025,FALSE,
2003,09-02-2025,TRUE,10-04-2025
2004,02-06-2024,TRUE,01-08-2024
2005,25-08-2025,FALSE,
2006,17-08-2025,FALSE,
2007,05-09-2025,FALSE,
2008,23-08-2025,FALSE,
2009,17-08-2025,FALSE,
2010,30-08-2025,FALSE,
2011,20-06-2025,TRUE,19-08-2025
2012,14-09-2025,FALSE,
2013,11-09-2025,FALSE,
2014,30-08-2025,FALSE,
2015,05-08-2025,FALSE,
2016,02-12-2024,TRUE,31-01-2025
2017,02-09-2025,FALSE,
2018,13-09-2025,FALSE,
2019,05-11-2024,TRUE,04-01-2025
2020,14-04-2025,TRUE,13-06-2025
2021,02-08-2025,FALSE,
2022,08-12-2024,TRUE,06-02-2025
2023,24-09-2025,FALSE,
2024,26-07-2025,FALSE,
2025,01-09-2025,FALSE,
2026,21-08-2025,FALSE,
2027,19-08-2025,FALSE,
2028,12-05-2024,TRUE,11-07-2024
2029,24-07-2025,FALSE,
2030,06-02-2025,TRUE,07-04-2025
2031,02-09-2025,FALSE,
2032,24-08-2025,FALSE,
2033,16-08-2025,FALSE,
2034,29-05-2025,TRUE,28-07-2025
2035,03-09-2025,FALSE,
2036,08-09-2025,FALSE,
2037,04-09-2025,TRUE,03-11-2025
2038,05-08-2025,FALSE,
2039,23-09-2025,FALSE,
2040,14-09-2024,TRUE,13-11-2024
2041,16-03-2025,TRUE,15-05-2025
2042,11-09-2025,FALSE,
2043,11-09-2025,FALSE,
2044,02-09-2025,FALSE,
2045,21-08-2025,TRUE,20-10-2025
2046,05-09-2025,FALSE,
2047,29-08-2025,FALSE,
2048,27-08-2025,FALSE,
2049,04-08-2025,FALSE,
2050,12-05-2025,TRUE,11-07-2025
2051,06-09-2025,FALSE,
2052,29-05-2024,TRUE,28-07-2024
2053,24-07-2025,TRUE,22-09-2025
2054,22-08-2025,FALSE,
2055,18-03-2025,TRUE,17-05-2025
2056,07-09-2025,FALSE,
2057,20-09-2025,FALSE,
2058,09-01-2025,TRUE,10-03-2025
2059,27-07-2025,FALSE,
2060,18-06-2025,TRUE,17-08-2025
2061,19-08-2024,TRUE,18-10-2024
2062,15-08-2025,FALSE,
2063,30-07-2025,FALSE,
2064,25-08-2025,FALSE,
2065,07-09-2025,FALSE,
2066,21-09-2025,FALSE,
2067,23-08-2025,FALSE,
2068,15-06-2025,TRUE,14-08-2025
2069,07-09-2025,FALSE,
2070,29-08-2025,FALSE,
2071,17-09-2025,FALSE,
2072,09-04-2025,TRUE,08-06-2025
2073,05-09-2025,FALSE,
2074,31-08-2025,FALSE,
2075,05-11-2024,TRUE,04-01-2025
2076,16-08-2025,FALSE,
2077,22-08-2025,FALSE,
2078,24-08-2025,FALSE,
2079,31-08-2025,FALSE,
2080,02-08-2025,FALSE,
2081,04-09-2025,FALSE,
2082,08-09-2025,FALSE,
2083,20-08-2025,FALSE,
2084,04-09-2025,FALSE,
2085,04-03-2025,TRUE,03-05-2025
2086,28-08-2025,FALSE,
2087,20-09-2025,FALSE,
2088,15-07-2025,FALSE,
2089,03-05-2025,TRUE,02-07-2025
2090,19-08-2025,FALSE,
2091,08-06-2025,TRUE,07-08-2025
2092,29-08-2025,FALSE,
2093,14-04-2025,TRUE,13-06-2025
2094,30-08-2025,FALSE,
2095,11-09-2025,FALSE,
2096,14-07-2025,FALSE,
2097,31-07-2025,FALSE,
2098,01-05-2024,TRUE,30-06-2024
2099,18-09-2025,FALSE,
2100,13-01-2025,TRUE,14-03-2025
2101,27-08-2025,FALSE,
2102,04-09-2025,FALSE,
2103,19-08-2025,FALSE,
2104,02-08-2025,FALSE,
2105,09-09-2025,FALSE,
2106,29-09-2024,FALSE,
2107,08-09-2025,FALSE,
2108,08-08-2025,FALSE,
2109,18-09-2025,FALSE,
2110,10-09-2025,FALSE,
2111,18-08-2025,FALSE,
2112,13-09-2025,FALSE,
2113,04-09-2025,FALSE,
2114,11-04-2025,TRUE,10-06-2025
2115,07-05-2024,TRUE,06-07-2024
2116,27-06-2025,TRUE,26-08-2025
2117,20-08-2025,FALSE,
2118,27-08-2025,FALSE,
2119,03-09-2025,FALSE,
2120,05-09-2025,FALSE,
2121,11-09-2025,FALSE,
2122,16-12-2024,TRUE,14-02-2025
2123,19-08-2025,FALSE,
2124,30-08-2025,FALSE,
2125,17-08-2025,FALSE,
2126,24-08-2025,FALSE,
2127,11-09-2025,FALSE,
2128,13-08-2025,FALSE,
2129,26-05-2024,TRUE,25-07-2024
2130,09-08-2025,FALSE,
2131,17-08-2025,FALSE,
2132,01-09-2025,FALSE,
2133,06-10-2024,TRUE,05-12-2024
2134,29-05-2024,TRUE,28-07-2024
2135,18-09-2025,FALSE,
2136,21-08-2024,TRUE,20-10-2024
2137,01-09-2025,FALSE,
2138,22-08-2025,FALSE,
2139,19-05-2025,TRUE,18-07-2025
2140,23-08-2025,FALSE,
2141,26-08-2025,FALSE,
2142,14-08-2025,FALSE,
2143,21-09-2025,FALSE,
2144,09-09-2025,FALSE,
2145,13-02-2025,TRUE,14-04-2025
2146,31-08-2025,FALSE,
2147,31-08-2025,FALSE,
2148,04-09-2025,FALSE,
2149,05-09-2025,FALSE,
2150,01-09-2025,FALSE,
2151,17-08-2025,FALSE,
2152,15-09-2025,FALSE,
2153,03-03-2025,TRUE,02-05-2025
2154,08-09-2025,FALSE,
2155,09-08-2025,FALSE,
2156,03-08-2025,FALSE,
2157,03-09-2025,FALSE,
2158,31-07-2025,FALSE,
2159,28-08-2025,FALSE,
2160,13-09-2025,TRUE,12-11-2025
2161,10-09-2025,FALSE,
2162,13-08-2025,FALSE,
2163,08-08-2025,FALSE,
2164,12-09-2025,FALSE,
2165,16-09-2025,FALSE,
2166,12-08-2025,FALSE,
2167,24-08-2024,TRUE,23-10-2024
2168,28-08-2025,FALSE,
2169,27-07-2025,FALSE,
2170,28-08-2025,FALSE,
2171,11-08-2025,FALSE,
2172,04-09-2025,FALSE,
2173,22-08-2025,TRUE,21-10-2025
2174,01-08-2025,FALSE,
2175,03-09-2025,FALSE,
2176,25-08-2025,FALSE,
2177,30-08-2025,FALSE,
2178,20-08-2025,FALSE,
2179,18-04-2025,TRUE,17-06-2025
2180,15-06-2025,TRUE,14-08-2025
2181,17-08-2025,FALSE,
2182,29-08-2025,FALSE,
2183,13-08-2025,FALSE,
2184,11-09-2025,FALSE,
2185,09-09-2025,FALSE,
2186,20-06-2024,TRUE,19-08-2024
2187,30-08-2025,FALSE,
2188,27-08-2025,FALSE,
2189,25-08-2025,FALSE,
2190,04-09-2025,FALSE,
2191,21-08-2025,FALSE,
2192,20-09-2025,FALSE,
2193,28-08-2025,FALSE,
2194,31-01-2025,TRUE,01-04-2025
2195,20-04-2025,TRUE,19-06-2025
2196,16-09-2025,TRUE,15-11-2025
2197,27-04-2024,TRUE,26-06-2024
2198,05-09-2025,FALSE,
2199,08-09-2025,FALSE,
2200,12-09-2025,FALSE,
2201,11-08-2025,FALSE,
2202,26-04-2024,TRUE,25-06-2024
2203,05-06-2025,TRUE,04-08-2025
2204,14-08-2025,FALSE,
2205,20-08-2024,TRUE,19-10-2024
2206,09-12-2024,TRUE,07-02-2025
2207,07-08-2025,FALSE,
2208,23-08-2025,FALSE,
2209,05-12-2024,TRUE,03-02-2025
2210,28-08-2025,FALSE,
2211,13-11-2024,TRUE,12-01-2025
2212,22-09-2025,FALSE,
2213,19-08-2025,FALSE,
2214,22-08-2025,FALSE,
2215,09-09-2025,FALSE,
2216,12-09-2025,FALSE,
2217,11-09-2025,FALSE,
2218,14-10-2024,TRUE,13-12-2024
2219,07-11-2024,TRUE,06-01-2025
2220,12-09-2025,FALSE,
2221,06-09-2024,TRUE,05-11-2024
2222,06-09-2025,FALSE,
2223,27-08-2025,FALSE,
2224,14-09-2025,FALSE,
2225,29-08-2025,FALSE,
2226,04-09-2025,FALSE,
2227,21-03-2025,TRUE,20-05-2025
2228,05-09-2024,TRUE,04-11-2024
2229,14-06-2025,TRUE,13-08-2025
2230,12-09-2025,FALSE,
2231,22-08-2025,FALSE,
2232,04-08-2025,FALSE,
2233,24-07-2024,TRUE,22-09-2024
2234,07-08-2025,FALSE,
2235,26-08-2025,FALSE,
2236,03-08-2025,FALSE,
2237,31-08-2025,FALSE,
2238,25-08-2025,FALSE,
2239,21-09-2025,TRUE,20-11-2025
2240,10-06-2024,FALSE,
2241,29-08-2025,FALSE,
2242,09-08-2024,TRUE,08-10-2024
2243,18-09-2024,TRUE,17-11-2024
2244,06-09-2025,FALSE,
2245,21-08-2025,FALSE,
2246,23-07-2025,FALSE,
2247,04-09-2025,FALSE,
2248,09-09-2025,FALSE,
2249,27-08-2025,FALSE,
2250,30-08-2025,FALSE,
2251,06-07-2025,FALSE,
2252,12-10-2024,TRUE,11-12-2024
2253,08-09-2025,FALSE,
2254,16-09-2025,FALSE,
2255,14-09-2025,FALSE,
2256,29-08-2025,FALSE,
2257,20-08-2025,FALSE,
2258,13-08-2025,FALSE,
2259,20-08-2025,FALSE,
2260,01-09-2025,TRUE,31-10-2025
2261,07-09-2025,FALSE,
2262,22-08-2025,FALSE,
2263,12-07-2025,FALSE,
2264,23-08-2025,FALSE,
2265,31-07-2025,FALSE,
2266,28-12-2024,TRUE,26-02-2025
2267,03-09-2025,FALSE,
2268,28-08-2025,FALSE,
2269,10-06-2025,TRUE,09-08-2025
2270,07-09-2025,TRUE,06-11-2025
2271,17-08-2025,FALSE,
2272,27-08-2025,FALSE,
2273,14-08-2025,FALSE,
2274,04-09-2025,FALSE,
2275,16-08-2025,FALSE,
2276,19-01-2025,TRUE,20-03-2025
2277,17-09-2025,FALSE,
2278,19-09-2025,FALSE,
2279,25-07-2025,FALSE,
2280,31-10-2024,TRUE,30-12-2024
2281,02-09-2025,FALSE,
2282,03-09-2025,FALSE,
2283,28-11-2024,TRUE,27-01-2025
2284,26-08-2025,FALSE,
2285,14-09-2024,TRUE,13-11-2024
2286,09-07-2025,FALSE,
2287,16-05-2025,TRUE,15-07-2025
2288,02-09-2025,FALSE,
2289,09-05-2025,TRUE,08-07-2025
2290,29-07-2025,FALSE,
2291,01-09-2025,FALSE,
2292,04-09-2025,FALSE,
2293,10-09-2025,FALSE,
2294,26-08-2025,TRUE,25-10-2025
2295,12-08-2025,FALSE,
2296,12-08-2025,FALSE,
2297,14-07-2025,FALSE,
2298,16-07-2025,FALSE,
2299,27-04-2025,TRUE,26-06-2025
2300,01-01-2025,TRUE,02-03-2025
2301,22-08-2025,FALSE,
2302,05-09-2025,TRUE,04-11-2025
2303,23-08-2025,FALSE,
2304,29-08-2025,FALSE,
2305,11-09-2025,FALSE,
2306,15-09-2025,FALSE,
2307,22-07-2025,FALSE,
2308,21-08-2025,FALSE,
2309,18-06-2025,TRUE,17-08-2025
2310,13-09-2025,FALSE,
2311,29-07-2025,FALSE,
2312,09-08-2025,FALSE,
2313,12-09-2025,FALSE,
2314,11-08-2025,FALSE,
2315,10-09-2025,FALSE,
2316,10-09-2025,FALSE,
2317,13-06-2025,TRUE,12-08-2025
2318,17-09-2025,FALSE,
2319,04-01-2025,TRUE,05-03-2025
2320,19-08-2025,FALSE,
2321,12-07-2025,FALSE,
2322,28-08-2025,FALSE,
2323,03-09-2025,FALSE,
2324,11-09-2025,FALSE,
2325,27-08-2025,FALSE,
2326,11-08-2025,FALSE,
2327,25-02-2025,TRUE,26-04-2025
2328,09-09-2025,FALSE,
2329,15-06-2024,TRUE,14-08-2024
2330,16-07-2025,FALSE,
2331,07-09-2025,FALSE,
2332,02-09-2025,FALSE,
2333,25-08-2025,FALSE,
2334,01-09-2025,FALSE,
2335,16-08-2024,TRUE,15-10-2024
2336,03-02-2025,TRUE,04-04-2025
2337,03-09-2025,FALSE,
2338,25-04-2025,TRUE,24-06-2025
2339,01-09-2025,FALSE,
2340,18-08-2025,FALSE,
2341,02-08-2025,FALSE,
2342,11-09-2025,FALSE,
2343,19-08-2025,FALSE,
2344,26-08-2025,FALSE,
2345,16-02-2025,TRUE,17-04-2025
2346,02-09-2025,FALSE,
2347,29-08-2025,FALSE,
2348,23-08-2025,TRUE,22-10-2025
2349,06-09-2025,FALSE,
2350,18-09-2025,TRUE,17-11-2025
2351,24-01-2025,FALSE,
2352,17-08-2025,FALSE,
2353,30-08-2025,FALSE,
2354,11-09-2025,FALSE,
2355,26-06-2025,TRUE,25-08-2025
2356,18-08-2025,FALSE,
2357,04-08-2025,FALSE,
2358,11-09-2025,TRUE,10-11-2025
2359,22-02-2025,TRUE,23-04-2025
2360,13-09-2024,TRUE,12-11-2024
2361,12-09-2025,FALSE,
2362,02-08-2025,FALSE,
2363,22-06-2025,TRUE,21-08-2025
2364,29-08-2025,FALSE,
2365,01-09-2025,FALSE,
2366,16-05-2024,TRUE,15-07-2024
2367,18-09-2025,FALSE,
2368,11-08-2025,FALSE,
2369,02-09-2025,FALSE,
2370,23-06-2025,TRUE,22-08-2025
2371,30-08-2025,FALSE,
2372,08-08-2025,FALSE,
2373,15-09-2025,FALSE,
2374,15-08-2025,FALSE,
2375,19-09-2025,FALSE,
2376,18-08-2025,FALSE,
2377,10-07-2025,FALSE,
2378,22-08-2025,FALSE,
2379,16-09-2025,FALSE,
2380,11-08-2025,FALSE,
2381,30-08-2025,TRUE,29-10-2025
2382,19-09-2025,FALSE,
2383,23-08-2025,FALSE,
2384,15-09-2025,FALSE,
2385,25-08-2024,TRUE,24-10-2024
2386,12-08-2025,TRUE,11-10-2025
2387,17-09-2025,FALSE,
2388,03-09-2025,FALSE,
2389,12-06-2025,TRUE,11-08-2025
2390,27-08-2025,FALSE,
2391,02-09-2025,FALSE,
2392,20-09-2025,FALSE,
2393,06-09-2025,FALSE,
2394,05-09-2025,FALSE,
2395,23-11-2024,TRUE,22-01-2025
2396,23-08-2025,FALSE,
2397,17-07-2025,FALSE,
2398,15-08-2025,FALSE,
2399,11-05-2025,TRUE,10-07-2025
2400,06-08-2025,FALSE,
2401,27-08-2025,FALSE,
2402,22-04-2024,TRUE,21-06-2024
2403,04-09-2025,FALSE,
2404,27-08-2025,FALSE,
2405,20-05-2025,TRUE,19-07-2025
2406,11-09-2025,FALSE,
2407,31-08-2025,FALSE,
2408,20-08-2025,FALSE,
2409,24-08-2025,FALSE,
2410,30-07-2025,FALSE,
2411,06-09-2025,FALSE,
2412,03-09-2025,FALSE,
2413,17-06-2024,TRUE,16-08-2024
2414,08-08-2025,FALSE,
2415,27-08-2025,FALSE,
2416,23-05-2024,TRUE,22-07-2024
2417,11-07-2025,FALSE,
2418,31-07-2025,FALSE,
2419,20-08-2025,FALSE,
2420,03-07-2025,FALSE,
2421,24-08-2025,FALSE,
2422,14-05-2024,TRUE,13-07-2024
2423,25-07-2025,FALSE,
2424,02-09-2025,FALSE,
2425,16-09-2025,FALSE,
2426,21-07-2025,FALSE,
2427,22-08-2025,FALSE,
2428,08-09-2025,FALSE,
2429,09-08-2025,FALSE,
2430,17-08-2025,TRUE,16-10-2025
2431,18-08-2025,FALSE,
2432,14-09-2025,FALSE,
2433,16-08-2025,FALSE,
2434,30-08-2025,TRUE,29-10-2025
2435,04-10-2024,TRUE,03-12-2024
2436,31-08-2025,FALSE,
2437,24-08-2025,FALSE,
2438,13-09-2025,FALSE,
2439,28-08-2025,TRUE,27-10-2025
2440,18-09-2025,FALSE,
2441,12-08-2025,TRUE,11-10-2025
2442,10-09-2025,TRUE,09-11-2025
2443,06-09-2025,FALSE,
2444,09-08-2025,FALSE,
2445,06-09-2025,FALSE,
2446,22-08-2025,FALSE,
2447,11-09-2025,FALSE,
2448,25-08-2025,FALSE,
2449,10-09-2025,FALSE,
2450,24-04-2025,TRUE,23-06-2025
2451,28-08-2025,FALSE,
2452,27-05-2024,TRUE,26-07-2024
2453,26-08-2025,FALSE,
2454,01-09-2025,FALSE,
2455,15-10-2024,TRUE,14-12-2024
2456,12-09-2024,TRUE,11-11-2024
2457,07-08-2025,FALSE,
2458,19-08-2025,FALSE,
2459,29-08-2025,FALSE,
2460,10-07-2025,FALSE,
2461,01-09-2025,FALSE,
2462,25-08-2025,FALSE,
2463,04-07-2025,FALSE,
2464,07-08-2024,TRUE,06-10-2024
2465,02-09-2025,TRUE,01-11-2025
2466,25-08-2025,FALSE,
2467,24-01-2025,TRUE,25-03-2025
2468,23-08-2025,FALSE,
2469,17-06-2025,TRUE,16-08-2025
2470,03-09-2025,FALSE,
2471,13-09-2025,FALSE,
2472,26-08-2025,FALSE,
2473,24-08-2025,FALSE,
2474,24-08-2025,FALSE,
2475,06-03-2025,TRUE,05-05-2025
2476,01-09-2025,FALSE,
2477,04-08-2025,FALSE,
2478,01-09-2025,FALSE,
2479,21-09-2025,FALSE,
2480,18-09-2025,FALSE,
2481,01-09-2025,FALSE,
2482,12-08-2025,FALSE,
2483,25-08-2025,FALSE,
2484,26-08-2025,FALSE,
2485,16-09-2025,FALSE,
2486,28-08-2025,FALSE,
2487,08-09-2025,FALSE,
2488,07-09-2025,FALSE,
2489,08-08-2025,FALSE,
2490,31-03-2025,TRUE,30-05-2025
2491,15-04-2025,TRUE,14-06-2025
2492,06-09-2025,FALSE,
2493,15-08-2025,FALSE,
2494,02-09-2025,FALSE,
2495,08-09-2025,FALSE,
2496,02-09-2025,FALSE,
2497,04-09-2025,FALSE,
2498,29-08-2025,FALSE,
2499,27-08-2025,FALSE,
2500,18-08-2025,FALSE,
2501,14-08-2025,FALSE,
2502,31-08-2025,FALSE,
2503,07-08-2025,FALSE,
2504,19-07-2025,FALSE,
2505,22-08-2025,FALSE,
2506,28-08-2025,FALSE,
2507,02-07-2024,TRUE,31-08-2024
2508,01-09-2025,FALSE,
2509,01-08-2025,FALSE,
2510,28-08-2025,FALSE,
2511,20-09-2025,FALSE,
2512,19-09-2025,FALSE,
2513,18-07-2025,FALSE,
2514,16-05-2025,TRUE,15-07-2025
2515,08-09-2025,FALSE,
2516,09-07-2025,FALSE,
2517,09-09-2025,FALSE,
2518,13-07-2025,FALSE,
2519,30-08-2024,TRUE,29-10-2024
2520,01-09-2025,FALSE,
2521,09-05-2025,TRUE,08-07-2025
2522,11-09-2025,FALSE,
2523,25-08-2025,FALSE,
2524,02-09-2025,FALSE,
2525,02-01-2025,TRUE,03-03-2025
2526,28-08-2025,FALSE,
2527,14-04-2025,TRUE,13-06-2025
2528,14-08-2025,FALSE,
2529,26-12-2024,TRUE,24-02-2025
2530,04-09-2025,FALSE,
2531,28-08-2025,FALSE,
2532,24-08-2025,FALSE,
2533,23-06-2025,TRUE,22-08-2025
2534,28-04-2025,TRUE,27-06-2025
2535,28-08-2025,FALSE,
2536,19-08-2025,FALSE,
2537,31-01-2025,TRUE,01-04-2025
2538,31-08-2025,FALSE,
2539,07-09-2025,FALSE,
2540,30-08-2025,FALSE,
2541,02-07-2024,TRUE,31-08-2024
2542,16-09-2025,FALSE,
2543,01-09-2025,FALSE,
2544,24-09-2025,FALSE,
2545,26-08-2025,FALSE,
2546,20-05-2025,TRUE,19-07-2025
2547,07-07-2025,FALSE,
2548,24-07-2025,FALSE,
2549,23-08-2025,FALSE,
2550,11-11-2024,TRUE,10-01-2025
2551,24-08-2025,FALSE,
2552,19-09-2025,FALSE,
2553,26-08-2025,FALSE,
2554,06-04-2025,TRUE,05-06-2025
2555,22-04-2025,TRUE,21-06-2025
2556,31-07-2024,TRUE,29-09-2024
2557,04-09-2025,FALSE,
2558,28-07-2025,FALSE,
2559,30-08-2025,FALSE,
2560,26-08-2025,FALSE,
2561,07-09-2025,FALSE,
2562,23-08-2025,FALSE,
2563,14-06-2025,TRUE,13-08-2025
2564,14-09-2025,FALSE,
2565,05-02-2025,TRUE,06-04-2025
2566,01-08-2024,TRUE,30-09-2024
2567,19-08-2025,FALSE,
2568,04-09-2025,FALSE,
2569,14-08-2025,FALSE,
2570,27-11-2024,TRUE,26-01-2025
2571,29-08-2025,FALSE,
2572,28-08-2025,FALSE,
2573,13-07-2024,TRUE,11-09-2024
2574,28-08-2025,FALSE,
2575,03-09-2025,FALSE,
2576,08-09-2025,FALSE,
2577,18-08-2025,FALSE,
2578,27-08-2025,FALSE,
2579,22-07-2025,FALSE,
2580,12-09-2025,FALSE,
2581,23-08-2024,TRUE,22-10-2024
2582,12-08-2025,FALSE,
2583,09-08-2025,FALSE,
2584,07-09-2025,FALSE,
2585,05-09-2025,FALSE,
2586,25-08-2025,FALSE,
2587,07-03-2025,TRUE,06-05-2025
2588,10-09-2025,FALSE,
2589,21-08-2025,FALSE,
2590,06-09-2025,FALSE,
2591,19-08-2025,FALSE,
2592,13-08-2025,FALSE,
2593,17-07-2025,TRUE,15-09-2025
2594,28-08-2025,FALSE,
2595,08-09-2025,FALSE,
2596,29-07-2025,FALSE,
2597,24-07-2025,FALSE,
2598,21-08-2025,FALSE,
2599,08-10-2024,TRUE,07-12-2024
2600,24-08-2025,FALSE,
2601,22-08-2025,FALSE,
2602,04-05-2025,TRUE,03-07-2025
2603,26-04-2025,TRUE,25-06-2025
2604,26-08-2025,FALSE,
2605,02-01-2025,TRUE,03-03-2025
2606,03-09-2025,FALSE,
2607,18-08-2025,FALSE,
2608,02-09-2025,FALSE,
2609,13-05-2024,TRUE,12-07-2024
2610,07-09-2025,FALSE,
2611,02-08-2024,FALSE,
2612,31-08-2025,FALSE,
2613,09-09-2025,FALSE,
2614,31-08-2025,FALSE,
2615,02-09-2025,FALSE,
2616,10-08-2025,FALSE,
2617,20-09-2025,FALSE,
2618,01-09-2025,FALSE,
2619,29-04-2025,TRUE,28-06-2025
2620,11-09-2025,FALSE,
2621,05-09-2025,FALSE,
2622,15-09-2024,TRUE,14-11-2024
2623,06-06-2025,TRUE,05-08-2025
2624,30-08-2025,FALSE,
2625,09-09-2025,FALSE,
2626,15-09-2025,FALSE,
2627,14-09-2025,TRUE,13-11-2025
2628,23-05-2024,TRUE,22-07-2024
2629,19-09-2025,FALSE,
2630,28-04-2024,FALSE,
2631,10-08-2025,FALSE,
2632,17-08-2025,FALSE,
2633,12-07-2025,FALSE,
2634,01-09-2025,FALSE,
2635,05-08-2025,FALSE,
2636,07-08-2025,FALSE,
2637,29-08-2025,FALSE,
2638,24-08-2025,FALSE,
2639,15-04-2024,TRUE,14-06-2024
2640,03-09-2025,FALSE,
2641,16-09-2025,FALSE,
2642,10-09-2025,FALSE,
2643,16-08-2025,FALSE,
2644,14-08-2025,FALSE,
2645,04-08-2025,FALSE,
2646,05-09-2025,FALSE,
2647,31-08-2025,FALSE,
2648,06-06-2025,TRUE,05-08-2025
2649,16-08-2025,TRUE,15-10-2025
2650,23-07-2025,FALSE,
2651,01-09-2025,FALSE,
2652,07-08-2025,FALSE,
2653,14-06-2025,TRUE,13-08-2025
2654,15-09-2025,FALSE,
2655,24-08-2025,FALSE,
2656,18-09-2025,FALSE,
2657,18-04-2025,TRUE,17-06-2025
2658,31-08-2025,FALSE,
2659,10-09-2025,FALSE,
2660,15-09-2025,FALSE,
2661,22-11-2024,TRUE,21-01-2025
2662,13-08-2025,TRUE,12-10-2025
2663,19-06-2025,TRUE,18-08-2025
2664,23-07-2025,FALSE,
2665,17-08-2025,FALSE,
2666,11-08-2025,FALSE,
2667,10-08-2024,TRUE,09-10-2024
2668,22-07-2024,TRUE,20-09-2024
2669,21-08-2025,FALSE,
2670,22-05-2025,TRUE,21-07-2025
2671,11-08-2025,FALSE,
2672,17-09-2025,FALSE,
2673,11-08-2025,FALSE,
2674,24-08-2025,FALSE,
2675,18-09-2025,FALSE,
2676,05-08-2025,FALSE,
2677,06-09-2025,FALSE,
2678,03-05-2025,TRUE,02-07-2025
2679,13-09-2025,FALSE,
2680,10-09-2025,FALSE,
2681,18-09-2024,TRUE,17-11-2024
2682,09-07-2024,TRUE,07-09-2024
2683,30-08-2025,TRUE,29-10-2025
2684,12-06-2025,TRUE,11-08-2025
2685,17-07-2025,FALSE,
2686,13-09-2025,FALSE,
2687,19-08-2025,FALSE,
2688,25-08-2025,FALSE,
2689,21-11-2024,TRUE,20-01-2025
2690,04-07-2025,TRUE,02-09-2025
2691,02-09-2025,FALSE,
2692,19-08-2025,FALSE,
2693,18-08-2025,FALSE,
2694,17-08-2025,FALSE,
2695,10-08-2025,FALSE,
2696,16-09-2025,FALSE,
2697,09-04-2024,TRUE,08-06-2024
2698,18-02-2025,TRUE,19-04-2025
2699,30-08-2025,FALSE,
2700,25-08-2025,FALSE,
2701,29-07-2025,FALSE,
2702,15-08-2025,FALSE,
2703,18-07-2025,FALSE,
2704,15-09-2025,FALSE,
2705,28-08-2025,FALSE,
2706,25-07-2025,FALSE,
2707,09-02-2025,TRUE,10-04-2025
2708,09-08-2025,FALSE,
2709,17-08-2025,FALSE,
2710,08-02-2025,TRUE,09-04-2025
2711,13-06-2025,TRUE,12-08-2025
2712,26-08-2025,FALSE,
2713,25-08-2025,FALSE,
2714,20-04-2025,TRUE,19-06-2025
2715,14-05-2024,TRUE,13-07-2024
2716,18-09-2025,FALSE,
2717,22-08-2025,FALSE,
2718,20-08-2025,FALSE,
2719,26-08-2025,FALSE,
2720,01-09-2025,FALSE,
2721,22-08-2025,FALSE,
2722,18-08-2025,FALSE,
2723,23-08-2025,FALSE,
2724,28-08-2025,FALSE,
2725,31-08-2025,TRUE,30-10-2025
2726,21-08-2025,FALSE,
2727,27-10-2024,TRUE,26-12-2024
2728,09-09-2025,FALSE,
2729,30-08-2025,FALSE,
2730,12-09-2025,FALSE,
2731,20-02-2025,TRUE,21-04-2025
2732,23-08-2025,FALSE,
2733,09-10-2024,TRUE,08-12-2024
2734,26-08-2025,FALSE,
2735,02-09-2025,FALSE,
2736,09-04-2024,TRUE,08-06-2024
2737,17-09-2025,FALSE,
2738,12-08-2025,FALSE,
2739,08-08-2025,FALSE,
2740,10-09-2025,FALSE,
2741,18-08-2025,FALSE,
2742,18-08-2025,FALSE,
2743,03-03-2025,TRUE,02-05-2025
2744,06-09-2025,FALSE,
2745,02-09-2025,FALSE,
2746,01-05-2025,TRUE,30-06-2025
2747,09-09-2025,FALSE,
2748,31-08-2025,FALSE,
2749,02-09-2025,FALSE,
2750,20-08-2025,FALSE,
2751,21-08-2025,FALSE,
2752,26-08-2025,FALSE,
2753,06-11-2024,FALSE,
2754,17-08-2025,FALSE,
2755,16-10-2024,TRUE,15-12-2024
2756,09-06-2025,TRUE,08-08-2025
2757,12-09-2025,FALSE,
2758,25-08-2025,FALSE,
2759,25-09-2025,FALSE,
2760,04-05-2025,TRUE,03-07-2025
2761,03-04-2025,TRUE,02-06-2025
2762,14-09-2025,FALSE,
2763,03-09-2025,FALSE,
2764,16-12-2024,TRUE,14-02-2025
2765,10-03-2025,TRUE,09-05-2025
2766,07-07-2025,FALSE,
2767,06-09-2025,FALSE,
2768,26-08-2025,TRUE,25-10-2025
2769,03-08-2025,FALSE,
2770,22-08-2025,TRUE,21-10-2025
2771,15-08-2025,FALSE,
2772,28-07-2025,FALSE,
2773,10-09-2025,FALSE,
2774,26-08-2025,FALSE,
2775,01-09-2024,TRUE,31-10-2024
2776,29-08-2025,FALSE,
2777,23-04-2024,TRUE,22-06-2024
2778,23-08-2025,FALSE,
2779,31-08-2025,FALSE,
2780,16-09-2025,FALSE,
2781,23-04-2024,TRUE,22-06-2024
2782,01-11-2024,TRUE,31-12-2024
2783,14-09-2025,FALSE,
2784,20-08-2025,FALSE,
2785,12-09-2025,TRUE,11-11-2025
2786,23-08-2025,FALSE,
2787,09-09-2025,FALSE,
2788,28-08-2025,FALSE,
2789,02-09-2025,FALSE,
2790,17-03-2025,TRUE,16-05-2025
2791,07-09-2025,FALSE,
2792,26-08-2025,FALSE,
2793,08-09-2025,FALSE,
2794,11-08-2025,FALSE,
2795,08-09-2024,TRUE,07-11-2024
2796,30-09-2024,TRUE,29-11-2024
2797,16-06-2025,TRUE,15-08-2025
2798,04-07-2025,FALSE,
2799,30-08-2025,FALSE,
2800,09-09-2025,FALSE,
2801,13-08-2025,FALSE,
2802,27-07-2025,FALSE,
2803,04-09-2025,FALSE,
2804,07-06-2024,TRUE,06-08-2024
2805,03-09-2025,FALSE,
2806,29-08-2025,FALSE,
2807,24-08-2025,FALSE,
2808,21-09-2025,FALSE,
2809,14-09-2025,FALSE,
2810,25-08-2025,TRUE,24-10-2025
2811,20-08-2025,FALSE,
2812,07-08-2025,FALSE,
2813,29-08-2025,FALSE,
2814,09-09-2025,FALSE,
2815,20-08-2025,FALSE,
2816,17-08-2025,FALSE,
2817,21-03-2025,TRUE,20-05-2025
2818,25-07-2025,FALSE,
2819,06-10-2024,TRUE,05-12-2024
2820,09-09-2025,FALSE,
2821,28-08-2025,FALSE,
2822,24-08-2025,FALSE,
2823,24-08-2025,FALSE,
2824,16-05-2025,TRUE,15-07-2025
2825,28-07-2025,FALSE,
2826,15-08-2025,FALSE,
2827,27-08-2025,FALSE,
2828,31-05-2024,FALSE,
2829,29-08-2025,FALSE,
2830,20-02-2025,TRUE,21-04-2025
2831,20-06-2025,TRUE,19-08-2025
2832,12-05-2025,TRUE,11-07-2025
2833,28-08-2025,FALSE,
2834,15-09-2025,FALSE,
2835,21-08-2025,FALSE,
2836,07-09-2025,FALSE,
2837,14-08-2025,FALSE,
2838,17-08-2025,FALSE,
2839,27-08-2025,FALSE,
2840,18-09-2025,FALSE,
2841,05-08-2025,FALSE,
2842,21-08-2025,FALSE,
2843,28-08-2025,FALSE,
2844,08-08-2025,FALSE,
2845,05-11-2024,TRUE,04-01-2025
2846,23-08-2025,FALSE,
2847,08-09-2025,FALSE,
2848,13-06-2025,TRUE,12-08-2025
2849,27-09-2024,TRUE,26-11-2024
2850,02-09-2025,FALSE,
2851,04-09-2025,FALSE,
2852,17-08-2025,TRUE,16-10-2025
2853,15-09-2025,FALSE,
2854,30-08-2025,FALSE,
2855,20-09-2025,FALSE,
2856,09-02-2025,TRUE,10-04-2025
2857,19-08-2025,FALSE,
2858,05-09-2025,FALSE,
2859,06-08-2025,FALSE,
2860,02-09-2025,FALSE,
2861,12-09-2025,FALSE,
2862,25-08-2025,FALSE,
2863,23-08-2025,FALSE,
2864,03-09-2025,FALSE,
2865,11-09-2025,FALSE,
2866,13-09-2025,FALSE,
2867,04-10-2024,TRUE,03-12-2024
2868,12-09-2025,FALSE,
2869,01-09-2025,FALSE,
2870,19-04-2025,TRUE,18-06-2025
2871,20-04-2025,TRUE,19-06-2025
2872,08-09-2025,TRUE,07-11-2025
2873,27-08-2025,FALSE,
2874,11-08-2025,FALSE,
2875,27-08-2025,FALSE,
2876,23-08-2025,FALSE,
2877,12-08-2025,FALSE,
2878,19-08-2025,FALSE,
2879,12-08-2025,FALSE,
2880,10-08-2025,FALSE,
2881,18-04-2024,TRUE,17-06-2024
2882,04-06-2024,TRUE,03-08-2024
2883,16-06-2024,TRUE,15-08-2024
2884,27-04-2025,TRUE,26-06-2025
2885,09-08-2025,FALSE,
2886,19-09-2025,FALSE,
2887,14-08-2025,FALSE,
2888,22-08-2025,FALSE,
2889,10-08-2025,FALSE,
2890,26-09-2025,FALSE,
2891,04-09-2025,FALSE,
2892,30-06-2025,TRUE,29-08-2025
2893,19-08-2025,TRUE,18-10-2025
2894,29-08-2025,FALSE,
2895,14-03-2025,TRUE,13-05-2025
2896,06-09-2025,FALSE,
2897,30-07-2025,FALSE,
2898,28-08-2025,FALSE,
2899,30-08-2025,FALSE,
2900,01-09-2025,FALSE,
2901,28-08-2025,FALSE,
2902,16-08-2025,FALSE,
2903,28-08-2025,FALSE,
2904,16-08-2025,FALSE,
2905,16-09-2025,FALSE,
2906,05-10-2024,TRUE,04-12-2024
2907,13-09-2025,FALSE,
2908,16-08-2025,FALSE,
2909,27-02-2025,TRUE,28-04-2025
2910,25-08-2024,TRUE,24-10-2024
2911,12-05-2025,TRUE,11-07-2025
2912,12-08-2025,TRUE,11-10-2025
2913,23-08-2025,FALSE,
2914,06-09-2025,FALSE,
2915,10-08-2025,FALSE,
2916,24-08-2025,FALSE,
2917,06-09-2025,FALSE,
2918,17-11-2024,TRUE,16-01-2025
2919,16-08-2025,FALSE,
2920,07-09-2025,FALSE,
2921,05-09-2025,FALSE,
2922,25-07-2025,FALSE,
2923,31-07-2025,FALSE,
2924,19-08-2025,FALSE,
2925,14-09-2025,FALSE,
2926,04-09-2025,FALSE,
2927,06-09-2025,FALSE,
2928,02-09-2025,FALSE,
2929,03-09-2024,TRUE,02-11-2024
2930,14-09-2025,FALSE,
2931,09-09-2025,FALSE,
2932,27-12-2024,TRUE,25-02-2025
2933,29-08-2025,FALSE,
2934,09-08-2025,TRUE,08-10-2025
2935,09-06-2024,TRUE,08-08-2024
2936,30-08-2025,FALSE,
2937,14-08-2025,FALSE,
2938,10-09-2025,FALSE,
2939,28-06-2024,TRUE,27-08-2024
2940,23-08-2025,FALSE,
2941,01-04-2025,TRUE,31-05-2025
2942,20-08-2025,FALSE,
2943,02-09-2025,FALSE,
2944,27-08-2025,FALSE,
2945,01-09-2025,FALSE,
2946,22-08-2025,FALSE,
2947,13-09-2024,TRUE,12-11-2024
2948,14-08-2025,FALSE,
2949,27-06-2025,TRUE,26-08-2025
2950,03-09-2025,FALSE,
2951,11-08-2025,FALSE,
2952,21-08-2025,FALSE,
2953,22-08-2025,TRUE,21-10-2025
2954,09-09-2025,FALSE,
2955,14-07-2025,FALSE,
2956,07-07-2025,FALSE,
2957,23-08-2025,FALSE,
2958,04-08-2025,FALSE,
2959,20-09-2025,FALSE,
2960,15-04-2025,TRUE,14-06-2025
2961,14-09-2025,FALSE,
2962,16-09-2025,FALSE,
2963,11-09-2025,FALSE,
2964,29-08-2025,FALSE,
2965,02-09-2025,FALSE,
2966,18-06-2025,TRUE,17-08-2025
2967,23-08-2025,FALSE,
2968,13-08-2024,TRUE,12-10-2024
2969,02-08-2025,FALSE,
2970,27-08-2025,FALSE,
2971,23-08-2025,FALSE,
2972,11-06-2024,TRUE,10-08-2024
2973,31-07-2024,TRUE,29-09-2024
2974,19-08-2025,FALSE,
2975,31-08-2025,FALSE,
2976,03-09-2025,FALSE,
2977,14-11-2024,TRUE,13-01-2025
2978,03-09-2025,FALSE,
2979,08-09-2025,FALSE,
2980,22-08-2025,FALSE,
2981,18-08-2025,FALSE,
2982,09-08-2025,FALSE,
2983,27-08-2025,FALSE,
2984,24-08-2025,FALSE,
2985,21-08-2025,FALSE,
2986,13-09-2025,FALSE,
2987,03-08-2025,FALSE,
2988,24-08-2025,FALSE,
2989,28-08-2025,FALSE,
2990,21-10-2024,TRUE,20-12-2024
2991,02-08-2025,FALSE,
2992,09-08-2025,FALSE,
2993,18-08-2025,FALSE,
2994,31-08-2025,FALSE,
2995,13-09-2025,FALSE,
2996,25-06-2025,TRUE,24-08-2025
2997,31-08-2025,TRUE,30-10-2025
2998,08-09-2025,FALSE,
2999,13-08-2025,TRUE,12-10-2025
3000,09-08-2025,FALSE,
